sucursal,fecha,ingresos_totales,ingresos_productos,ingreso_envio,recibos,clientes,ticket_promedio,unidades,piezas,renglones
Principal,2023-08-21,7511.0,7381.0,130.0,48,103,174.67,332.0,264.0,82
Principal,2023-08-22,5497.0,5447.0,50.0,35,70,177.32,217.0,163.0,74
Principal,2023-08-23,7037.95,6987.95,50.0,42,79,180.46,295.0,231.0,90
Principal,2023-08-24,5150.0,5125.0,25.0,31,62,166.13,238.0,206.0,63
Principal,2023-08-25,9645.0,9485.0,160.0,59,111,172.23,417.0,336.0,98
Principal,2023-08-26,11822.0,11712.0,110.0,57,129,211.11,513.0,420.0,106
Principal,2023-08-27,14405.0,14195.0,210.0,60,156,248.36,526.0,420.0,116
Principal,2023-08-28,10144.35,10054.35,90.0,50,100,211.34,354.0,343.0,95
Principal,2023-08-29,5734.9,5724.9,10.0,32,61,179.22,207.0,159.0,73
Principal,2023-08-30,6912.95,6872.95,40.0,36,67,192.03,218.0,142.0,68
Principal,2023-08-31,7542.0,7432.0,110.0,44,60,175.4,315.0,259.0,76
Principal,2023-09-01,9877.85,9742.85,135.0,48,96,205.79,340.0,257.0,95
Principal,2023-09-02,11125.0,11045.0,80.0,63,113,176.59,385.0,299.0,103
Principal,2023-09-03,14006.0,13851.0,155.0,66,147,218.84,572.0,470.0,115
Principal,2023-09-04,6284.0,6249.0,35.0,39,69,161.13,253.0,200.0,75
Principal,2023-09-05,6161.0,6126.0,35.0,33,57,192.53,204.0,136.0,74
Principal,2023-09-06,5356.95,5246.95,110.0,33,51,167.4,196.0,153.0,70
Principal,2023-09-07,6303.0,6263.0,40.0,39,68,170.35,229.0,179.0,69
Principal,2023-09-08,7184.15,7149.15,35.0,41,71,184.21,262.0,204.0,72
Principal,2023-09-09,12807.1,12707.1,100.0,61,131,217.07,459.0,356.0,118
Principal,2023-09-10,14997.5,14832.5,165.0,62,161,245.86,565.0,509.0,122
Principal,2023-09-11,6868.0,6853.0,15.0,35,66,202.0,202.0,131.0,88
Principal,2023-09-12,5820.0,5745.0,75.0,32,60,187.74,159.0,112.0,74
Principal,2023-09-13,5566.2,5536.2,30.0,30,58,191.94,157.0,100.0,69
Principal,2023-09-14,7947.0,7867.0,80.0,44,81,189.21,239.0,170.0,84
Principal,2023-09-15,7453.95,7368.95,85.0,42,82,196.16,290.0,240.0,85
Principal,2023-09-16,12292.85,12172.85,120.0,62,123,211.95,442.0,334.0,116
Principal,2023-09-17,21654.95,21474.95,180.0,72,213,309.36,797.0,607.0,136
Principal,2023-09-18,7644.0,7644.0,0.0,46,78,166.17,233.0,157.0,89
Principal,2023-09-19,7211.55,7126.55,85.0,40,73,184.91,227.0,160.0,89
Principal,2023-09-20,5078.0,5013.0,65.0,34,50,158.69,154.0,108.0,68
Principal,2023-09-21,8507.0,8452.0,55.0,43,80,197.84,280.0,209.0,87
Principal,2023-09-22,6627.0,6427.0,200.0,41,67,169.92,230.0,171.0,87
Principal,2023-09-23,13084.95,12959.95,125.0,60,125,237.91,413.0,310.0,119
Principal,2023-09-24,17228.55,17153.55,75.0,76,182,239.29,589.0,431.0,139
Principal,2023-09-25,10616.0,10511.0,105.0,48,117,221.17,381.0,287.0,99
Principal,2023-09-26,6916.0,6771.0,145.0,40,76,182.0,222.0,152.0,83
Principal,2023-09-27,7166.5,7021.5,145.0,45,77,170.63,248.0,173.0,93
Principal,2023-09-28,7390.0,7355.0,35.0,48,77,153.96,272.0,201.0,96
Principal,2023-09-29,14487.95,14397.95,90.0,55,149,295.67,514.0,434.0,122
Principal,2023-09-30,16051.0,15861.0,190.0,72,167,232.62,545.0,408.0,139
Principal,2023-10-01,13994.8,13904.8,90.0,57,138,264.05,459.0,346.0,114
Principal,2023-10-02,7861.95,7766.95,95.0,50,82,160.45,307.0,241.0,91
Principal,2023-10-03,5064.95,4824.95,240.0,36,62,140.69,198.0,167.0,66
Principal,2023-10-04,9346.7,9196.7,150.0,54,104,176.35,341.0,256.0,87
Principal,2023-10-05,8600.0,8520.0,80.0,44,94,215.0,273.0,202.0,85
Principal,2023-10-06,11238.0,11163.0,75.0,58,106,204.33,316.0,202.0,110
Principal,2023-10-07,15211.0,15126.0,85.0,71,164,220.45,549.0,427.0,129
Principal,2023-10-08,17808.0,17658.0,150.0,72,194,250.82,673.0,522.0,131
Principal,2023-10-09,6143.65,6073.65,70.0,37,70,180.7,188.0,136.0,72
Principal,2023-10-10,9263.0,9103.0,160.0,51,88,185.26,292.0,192.0,99
Principal,2023-10-11,6936.8,6876.8,60.0,32,65,216.78,220.0,141.0,92
Principal,2023-10-12,6951.45,6916.45,35.0,41,80,178.24,266.0,210.0,91
Principal,2023-10-13,13025.95,12885.95,140.0,65,132,203.53,419.0,298.0,112
Principal,2023-10-14,17241.8,17121.8,120.0,80,172,223.92,632.0,489.0,128
Principal,2023-10-15,13869.6,13804.6,65.0,56,145,247.67,502.0,404.0,132
Principal,2023-10-16,6575.0,6550.0,25.0,41,72,160.37,232.0,164.0,84
Principal,2023-10-17,8992.0,8932.0,60.0,43,86,214.1,315.0,233.0,86
Principal,2023-10-18,7634.55,7510.3,124.25,40,81,190.86,299.0,236.0,91
Principal,2023-10-19,9129.0,9084.0,45.0,40,91,228.22,300.0,216.0,88
Principal,2023-10-20,9532.85,9467.85,65.0,51,105,194.55,354.0,289.0,98
Principal,2023-10-21,17054.95,16844.95,210.0,75,185,233.63,625.0,505.0,139
Principal,2023-10-22,13258.75,13198.75,60.0,58,137,228.6,503.0,397.0,116
Principal,2023-10-23,11122.0,11077.0,45.0,63,119,182.33,386.0,273.0,109
Principal,2023-10-24,6929.0,6809.0,120.0,35,72,203.79,220.0,154.0,83
Principal,2023-10-25,11234.8,11139.8,95.0,59,123,193.7,373.0,258.0,105
Principal,2023-10-26,11830.25,11710.25,120.0,56,131,219.08,420.0,314.0,104
Principal,2023-10-27,10720.0,10630.0,90.0,50,114,228.09,376.0,291.0,113
Principal,2023-10-28,13081.0,13016.0,65.0,61,147,225.53,476.0,343.0,118
Principal,2023-10-29,20050.9,19990.9,60.0,82,213,247.54,743.0,592.0,146
Principal,2023-10-30,8778.0,8673.0,105.0,52,106,172.12,315.0,247.0,104
Principal,2023-10-31,10356.0,10146.0,210.0,62,117,172.6,357.0,265.0,98
Principal,2023-11-01,10411.0,10266.0,145.0,62,118,176.46,363.0,273.0,102
Principal,2023-11-02,8776.0,8721.0,55.0,45,97,214.05,311.0,254.0,93
Principal,2023-11-03,7973.0,7848.0,125.0,34,89,249.16,281.0,216.0,93
Principal,2023-11-04,11738.4,11653.4,85.0,66,144,189.33,473.0,376.0,108
Principal,2023-11-05,14752.0,14697.0,55.0,60,152,263.43,469.0,328.0,130
Principal,2023-11-06,9137.0,8982.0,155.0,48,102,194.4,324.0,231.0,97
Principal,2023-11-07,8288.95,8288.95,0.0,41,92,212.54,281.0,190.0,88
Principal,2023-11-08,7963.0,7943.0,20.0,45,86,185.19,247.0,174.0,86
Principal,2023-11-09,10185.0,10075.0,110.0,62,134,195.87,400.0,312.0,103
Principal,2023-11-10,10127.8,10112.8,15.0,51,112,198.58,397.0,308.0,105
Principal,2023-11-11,11689.85,11654.85,35.0,52,123,229.21,425.0,314.0,105
Principal,2023-11-12,19896.0,19701.0,195.0,85,213,248.7,655.0,510.0,141
Principal,2023-11-13,9136.0,9101.0,35.0,39,90,240.42,306.0,227.0,88
Principal,2023-11-14,9220.0,9130.0,90.0,46,101,204.89,310.0,232.0,95
Principal,2023-11-15,7999.0,7829.0,170.0,49,96,177.76,252.0,162.0,87
Principal,2023-11-16,12301.25,12241.25,60.0,72,130,173.26,413.0,289.0,95
Principal,2023-11-17,9378.0,9293.0,85.0,46,110,213.14,348.0,262.0,84
Principal,2023-11-18,15707.0,15582.0,125.0,81,193,206.67,613.0,478.0,117
Principal,2023-11-19,18585.8,18475.8,110.0,63,190,295.01,645.0,475.0,134
Principal,2023-11-20,16313.0,16208.0,105.0,68,181,247.17,576.0,451.0,127
Principal,2023-11-21,7407.0,7312.0,95.0,44,78,180.66,248.0,186.0,87
Principal,2023-11-22,7647.0,7487.0,160.0,47,91,182.07,252.0,183.0,82
Principal,2023-11-23,10774.0,10659.0,115.0,52,122,215.48,360.0,254.0,90
Principal,2023-11-24,10950.0,10765.0,185.0,56,120,210.58,358.0,265.0,104
Principal,2023-11-25,13620.0,13350.0,270.0,62,156,223.28,472.0,351.0,110
Principal,2023-11-26,22401.65,22176.65,225.0,81,255,287.2,773.0,593.0,163
Principal,2023-11-27,9742.0,9532.0,210.0,55,112,183.81,374.0,284.0,98
Principal,2023-11-28,9580.0,9405.0,175.0,53,117,184.23,356.0,274.0,86
Principal,2023-11-29,9784.15,9579.15,205.0,49,112,199.68,339.0,258.0,97
Principal,2023-11-30,13225.0,13070.0,155.0,65,156,213.31,458.0,346.0,115
Principal,2023-12-01,9551.0,9491.0,60.0,55,112,187.27,347.0,276.0,90
Principal,2023-12-02,16871.0,16646.0,225.0,74,187,248.1,516.0,362.0,135
Principal,2023-12-03,23353.1,23278.1,75.0,76,234,311.37,729.0,522.0,151
Principal,2023-12-04,9400.0,9135.0,265.0,47,108,204.35,296.0,209.0,97
Principal,2023-12-05,10778.0,10608.0,170.0,47,112,234.3,328.0,223.0,107
Principal,2023-12-06,11684.0,11594.0,90.0,56,132,220.45,341.0,206.0,119
Principal,2023-12-07,9012.0,8757.0,255.0,42,108,219.8,316.0,268.0,88
Principal,2023-12-08,13220.0,13110.0,110.0,63,137,224.07,411.0,281.0,117
Principal,2023-12-09,17107.0,16922.0,185.0,72,188,251.57,565.0,411.0,129
Principal,2023-12-10,21419.9,21159.9,260.0,77,213,278.18,704.0,531.0,155
Principal,2023-12-11,10153.0,9918.0,235.0,55,119,191.57,325.0,240.0,97
Principal,2023-12-12,14296.0,14191.0,105.0,60,134,238.27,437.0,305.0,124
Principal,2023-12-13,10742.9,10617.9,125.0,53,112,210.65,368.0,253.0,108
Principal,2023-12-14,13432.0,13237.0,195.0,57,139,239.86,432.0,323.0,122
Principal,2023-12-15,13383.0,13203.0,180.0,54,133,252.51,376.0,242.0,118
Principal,2023-12-16,19382.7,19102.7,280.0,79,194,251.72,603.0,456.0,138
Principal,2023-12-17,21871.75,21656.75,215.0,77,239,299.61,788.0,593.0,154
Principal,2023-12-18,13627.0,13447.0,180.0,63,154,216.3,511.0,411.0,122
Principal,2023-12-19,14177.8,13982.8,195.0,61,154,244.44,420.0,282.0,118
Principal,2023-12-20,9809.0,9759.0,50.0,54,108,188.63,324.0,214.0,99
Principal,2023-12-21,13115.0,12925.0,190.0,59,148,226.12,454.0,340.0,115
Principal,2023-12-22,16199.0,16144.0,55.0,62,179,330.59,548.0,397.0,134
Principal,2023-12-23,17661.65,17621.65,40.0,67,192,284.87,607.0,454.0,138
Principal,2023-12-24,26018.6,25743.6,275.0,93,283,282.81,832.0,607.0,164
Principal,2023-12-25,19433.85,19393.85,40.0,75,194,273.72,720.0,629.0,133
Principal,2023-12-26,14386.5,14271.5,115.0,52,149,276.66,432.0,362.0,113
Principal,2023-12-27,16264.6,16129.6,135.0,65,191,262.33,575.0,416.0,122
Principal,2023-12-28,12540.0,12440.0,100.0,58,130,236.6,400.0,288.0,132
Principal,2023-12-29,16124.0,16044.0,80.0,64,191,264.33,563.0,397.0,140
Principal,2023-12-30,19130.0,19105.0,25.0,68,214,285.52,591.0,389.0,154
Principal,2023-12-31,28420.3,28405.3,15.0,86,281,350.87,875.0,620.0,177
Principal,2024-01-03,11403.35,11349.85,53.5,51,131,242.62,396.0,276.0,104
Principal,2024-01-04,15094.0,15044.0,50.0,58,175,269.54,546.0,414.0,120
Principal,2024-01-05,15650.8,15550.8,100.0,60,173,265.27,544.0,373.0,141
Principal,2024-01-06,11150.0,11075.0,75.0,52,131,223.0,339.0,234.0,108
Principal,2024-01-07,20917.0,20817.0,100.0,77,251,275.22,778.0,589.0,146
Principal,2024-01-08,10206.0,10136.0,70.0,57,118,179.05,411.0,330.0,101
Principal,2024-01-09,8969.25,8939.25,30.0,47,102,194.98,343.0,261.0,87
Principal,2024-01-10,9385.75,9275.75,110.0,42,97,228.92,285.0,208.0,99
Principal,2024-01-11,10421.0,10406.0,15.0,61,125,182.82,373.0,263.0,104
Principal,2024-01-12,11235.0,11115.0,120.0,58,124,200.62,405.0,310.0,109
Principal,2024-01-13,19401.65,19231.65,170.0,82,221,258.69,644.0,469.0,155
Principal,2024-01-14,21008.05,21008.05,0.0,78,244,269.33,662.0,438.0,161
Principal,2024-01-15,9745.3,9690.3,55.0,49,128,211.85,347.0,258.0,105
Principal,2024-01-16,11897.0,11642.0,255.0,63,129,191.89,350.0,238.0,127
Principal,2024-01-17,9182.0,9057.0,125.0,48,120,218.62,289.0,191.0,102
Principal,2024-01-18,12484.0,12409.0,75.0,58,144,222.93,394.0,263.0,119
Principal,2024-01-19,7418.2,7353.2,65.0,60,116,164.85,313.0,257.0,92
Principal,2024-01-20,20318.0,20188.0,130.0,85,243,250.84,748.0,558.0,143
Principal,2024-01-21,21287.0,21207.0,80.0,75,249,295.65,720.0,490.0,176
Principal,2024-01-22,9777.0,9712.0,65.0,49,126,212.54,317.0,243.0,92
Principal,2024-01-23,13076.1,12981.1,95.0,62,166,221.63,421.0,305.0,119
Principal,2024-01-24,10886.0,10851.0,35.0,56,140,213.45,319.0,199.0,110
Principal,2024-01-25,8580.0,8465.0,115.0,50,112,178.75,279.0,189.0,74
Principal,2024-01-26,12332.0,12222.0,110.0,62,174,205.53,473.0,375.0,132
Principal,2024-01-27,16350.7,16215.7,135.0,74,206,240.45,486.0,352.0,139
Principal,2024-01-28,22803.7,22633.7,170.0,76,258,300.05,732.0,522.0,161
Principal,2024-01-29,9012.0,8942.0,70.0,53,121,180.24,342.0,264.0,90
Principal,2024-01-30,8460.0,8400.0,60.0,38,90,228.65,251.0,167.0,96
Principal,2024-01-31,9911.0,9881.0,30.0,45,126,230.49,318.0,212.0,103
Principal,2024-02-01,10933.05,10808.05,125.0,56,133,210.25,373.0,273.0,119
Principal,2024-02-02,6993.85,6903.85,90.0,46,90,162.65,290.0,241.0,81
Principal,2024-02-03,17236.95,17101.95,135.0,69,210,261.17,573.0,399.0,140
Principal,2024-02-04,18822.0,18717.0,105.0,72,224,268.89,553.0,373.0,150
Principal,2024-02-05,18236.0,18186.0,50.0,65,207,289.46,574.0,393.0,137
Principal,2024-02-06,9468.0,9468.0,0.0,55,117,178.64,317.0,216.0,94
Principal,2024-02-07,7566.0,7436.0,130.0,46,91,171.95,229.0,156.0,83
Principal,2024-02-08,10470.0,10420.0,50.0,60,114,177.46,342.0,235.0,111
Principal,2024-02-09,11782.0,11632.0,150.0,58,138,214.22,382.0,263.0,107
Principal,2024-02-10,13560.0,13370.0,190.0,62,164,237.89,390.0,289.0,126
Principal,2024-02-11,20222.4,20157.4,65.0,73,247,284.82,679.0,501.0,148
Principal,2024-02-12,6324.0,6229.0,95.0,45,85,143.73,235.0,177.0,78
Principal,2024-02-13,9952.07,9862.07,90.0,52,123,195.14,325.0,211.0,92
Principal,2024-02-14,11828.0,11793.0,35.0,55,136,215.05,400.0,265.0,111
Principal,2024-02-15,12514.0,12424.0,90.0,59,146,219.54,411.0,301.0,105
Principal,2024-02-16,10766.0,10641.0,125.0,56,137,203.13,358.0,251.0,114
Principal,2024-02-17,17396.25,17196.25,200.0,66,198,267.63,562.0,385.0,144
Principal,2024-02-18,20917.95,20797.95,120.0,78,262,282.68,714.0,513.0,144
Principal,2024-02-19,10063.0,9928.0,135.0,48,121,209.65,328.0,246.0,110
Principal,2024-02-20,10647.15,10562.15,85.0,54,122,197.17,317.0,216.0,108
Principal,2024-02-21,6677.0,6522.0,155.0,45,74,162.85,191.0,133.0,80
Principal,2024-02-22,10961.55,10961.55,0.0,58,126,195.74,411.0,296.0,102
Principal,2024-02-23,10412.31,10297.31,115.0,50,120,221.54,368.0,285.0,97
Principal,2024-02-24,20725.42,20575.42,150.0,91,244,246.73,686.0,474.0,159
Principal,2024-02-25,19944.42,19759.42,185.0,70,232,293.3,742.0,573.0,154
Principal,2024-02-26,11619.0,11414.0,205.0,58,122,219.23,378.0,262.0,107
Principal,2024-02-27,9784.0,9784.0,0.0,55,110,184.6,365.0,267.0,108
Principal,2024-02-28,10686.9,10626.9,60.0,51,119,213.74,327.0,217.0,110
Principal,2024-02-29,7200.35,7165.35,35.0,45,83,167.45,246.0,180.0,89
Principal,2024-03-01,14378.0,14288.0,90.0,74,168,199.69,457.0,304.0,125
Principal,2024-03-02,16162.0,16067.0,95.0,70,179,234.23,567.0,426.0,123
Principal,2024-03-03,19802.0,19627.0,175.0,71,222,300.03,639.0,450.0,162
Principal,2024-03-04,9738.0,9628.0,110.0,58,115,202.88,271.0,168.0,110
Principal,2024-03-05,10095.0,10080.0,15.0,51,112,214.79,283.0,331.0,86
Principal,2024-03-06,9382.0,9322.0,60.0,49,103,199.62,309.0,229.0,101
Principal,2024-03-07,7278.8,7258.8,20.0,42,71,177.53,257.0,178.0,82
Principal,2024-03-08,11567.0,11432.0,135.0,69,135,199.43,375.0,261.0,114
Principal,2024-03-09,16925.0,16670.0,255.0,78,160,222.7,539.0,387.0,136
Principal,2024-03-10,19357.0,19247.0,110.0,76,188,268.85,559.0,379.0,146
Principal,2024-03-11,9102.0,9067.0,35.0,46,81,202.27,295.0,206.0,104
Principal,2024-03-12,10694.0,10654.0,40.0,51,101,209.69,327.0,218.0,105
Principal,2024-03-13,8691.0,8601.0,90.0,43,87,211.98,261.0,207.0,87
Principal,2024-03-14,8554.0,8484.0,70.0,52,92,174.57,281.0,198.0,95
Principal,2024-03-15,13039.0,12979.0,60.0,61,125,213.75,394.0,254.0,119
Principal,2024-03-16,13841.0,13746.0,95.0,57,153,247.16,456.0,308.0,125
Principal,2024-03-17,18492.0,18347.0,145.0,71,189,280.18,604.0,442.0,138
Principal,2024-03-18,13881.85,13656.85,225.0,59,141,243.54,459.0,333.0,126
Principal,2024-03-19,10342.0,10257.0,85.0,51,109,215.46,334.0,218.0,97
Principal,2024-03-20,5565.0,5505.0,60.0,33,57,179.52,162.0,101.0,79
Principal,2024-03-21,7479.0,7449.0,30.0,42,78,182.41,273.0,211.0,76
Principal,2024-03-22,10504.0,10299.0,205.0,47,113,228.35,368.0,340.0,98
Principal,2024-03-23,11762.0,11747.0,15.0,51,143,240.04,373.0,266.0,122
Principal,2024-03-24,18612.4,18497.4,115.0,69,202,273.71,545.0,353.0,139
Principal,2024-03-25,10301.8,10246.8,55.0,39,116,264.15,316.0,243.0,111
Principal,2024-03-26,10456.0,10341.0,115.0,47,120,222.47,297.0,180.0,115
Principal,2024-03-27,11329.15,11239.15,90.0,50,143,246.29,385.0,270.0,106
Principal,2024-03-28,13845.0,13775.0,70.0,55,157,266.25,468.0,324.0,138
Principal,2024-03-29,22750.45,22555.45,195.0,78,273,303.34,854.0,640.0,155
Principal,2024-03-30,15980.0,15800.0,180.0,61,175,275.52,510.0,361.0,134
Principal,2024-03-31,22809.8,22659.8,150.0,72,254,321.26,792.0,575.0,158
Principal,2024-04-01,15658.0,15588.0,70.0,65,196,244.66,483.0,362.0,141
Principal,2024-04-02,12120.65,12045.65,75.0,50,121,257.89,341.0,252.0,106
Principal,2024-04-03,8710.4,8660.4,50.0,50,100,177.76,276.0,182.0,94
Principal,2024-04-04,11327.0,11312.0,15.0,54,134,217.83,390.0,291.0,116
Principal,2024-04-05,9575.0,9540.0,35.0,45,87,245.51,274.0,210.0,88
Principal,2024-04-06,12709.0,12639.0,70.0,61,155,211.82,489.0,382.0,130
Principal,2024-04-07,15402.5,15327.5,75.0,57,171,280.05,534.0,405.0,129
Principal,2024-04-08,9494.0,9394.0,100.0,52,104,197.79,329.0,256.0,97
Principal,2024-04-09,7066.0,7011.0,55.0,41,86,185.95,259.0,180.0,83
Principal,2024-04-10,8592.0,8467.0,125.0,46,87,204.57,227.0,140.0,90
Principal,2024-04-11,7579.0,7554.0,25.0,42,80,194.33,232.0,149.0,91
Principal,2024-04-12,10230.0,10175.0,55.0,50,92,213.12,304.0,214.0,108
Principal,2024-04-13,12594.0,12489.0,105.0,51,128,246.94,388.0,260.0,126
Principal,2024-04-14,22285.85,22125.85,160.0,81,220,278.57,737.0,638.0,152
Principal,2024-04-15,9152.0,8972.0,180.0,52,100,186.78,258.0,169.0,104
Principal,2024-04-16,9514.0,9439.0,75.0,48,114,202.43,271.0,184.0,96
Principal,2024-04-17,8941.5,8841.5,100.0,51,100,182.48,276.0,178.0,91
Principal,2024-04-18,7487.0,7412.0,75.0,41,71,182.61,267.0,202.0,83
Principal,2024-04-19,8791.0,8661.0,130.0,43,100,209.31,270.0,183.0,98
Principal,2024-04-20,15497.0,15307.0,190.0,62,164,254.05,530.0,413.0,127
Principal,2024-04-21,21546.0,21421.0,125.0,75,244,295.15,682.0,466.0,159
Principal,2024-04-22,11342.0,11177.0,165.0,62,141,192.24,358.0,247.0,122
Principal,2024-04-23,9118.2,8908.2,210.0,55,115,186.09,263.0,171.0,104
Principal,2024-04-24,7974.1,7894.1,80.0,50,99,181.23,261.0,182.0,93
Principal,2024-04-25,9478.0,9463.0,15.0,55,126,193.43,298.0,195.0,99
Principal,2024-04-26,11267.4,11227.4,40.0,58,117,201.2,378.0,265.0,129
Principal,2024-04-27,19317.55,19167.55,150.0,80,227,247.66,648.0,484.0,145
Principal,2024-04-28,25667.45,25572.45,95.0,102,277,264.61,849.0,618.0,201
Principal,2024-04-29,10158.5,10098.5,60.0,57,122,195.36,339.0,237.0,110
Principal,2024-04-30,11977.0,11942.0,35.0,65,147,190.11,386.0,260.0,105
Principal,2024-05-01,17577.0,17472.0,105.0,71,197,274.64,516.0,307.0,146
Principal,2024-05-02,10415.0,10365.0,50.0,59,125,200.29,360.0,253.0,107
Principal,2024-05-03,11680.0,11585.0,95.0,78,159,176.97,456.0,347.0,115
Principal,2024-05-04,18776.3,18756.3,20.0,76,194,253.73,609.0,397.0,159
Principal,2024-05-05,18780.0,18750.0,30.0,72,244,288.92,636.0,428.0,150
Principal,2024-05-06,9710.0,9640.0,70.0,62,113,170.35,279.0,182.0,96
Principal,2024-05-07,12021.0,11971.0,50.0,58,127,226.81,374.0,260.0,112
Principal,2024-05-08,12852.05,12852.05,0.0,72,142,194.73,411.0,262.0,113
Principal,2024-05-09,10792.0,10792.0,0.0,60,126,192.71,344.0,219.0,121
Principal,2024-05-10,27294.3,27264.3,30.0,105,306,278.51,870.0,579.0,178
Principal,2024-05-11,21193.0,21093.0,100.0,77,248,298.49,696.0,468.0,168
Principal,2024-05-12,23832.0,23692.0,140.0,84,265,309.51,715.0,444.0,181
Principal,2024-05-13,12161.5,12161.5,0.0,64,137,217.17,409.0,272.0,120
Principal,2024-05-14,10775.0,10775.0,0.0,62,125,182.63,336.0,254.0,109
Principal,2024-05-15,16115.55,16050.55,65.0,73,192,233.56,483.0,325.0,132
Principal,2024-05-16,12773.9,12728.9,45.0,70,133,199.59,399.0,252.0,118
Principal,2024-05-17,12096.2,11986.2,110.0,67,135,189.0,433.0,317.0,111
Principal,2024-05-18,17981.15,17916.15,65.0,77,213,249.74,616.0,424.0,133
Principal,2024-05-19,24942.6,24882.6,60.0,82,294,307.93,757.0,489.0,180
Principal,2024-05-20,12797.0,12782.0,15.0,67,152,199.95,404.0,257.0,126
Principal,2024-05-21,11361.0,11361.0,0.0,61,113,192.56,339.0,226.0,119
Principal,2024-05-22,8204.0,8204.0,0.0,52,87,164.08,332.0,248.0,97
Principal,2024-05-23,13125.0,13070.0,55.0,72,154,205.08,395.0,256.0,128
Principal,2024-05-24,13571.0,13571.0,0.0,69,154,196.68,466.0,335.0,124
Principal,2024-05-25,20582.75,20502.75,80.0,84,235,254.11,680.0,469.0,159
Principal,2024-05-26,24482.25,24407.25,75.0,95,278,266.11,791.0,561.0,180
Principal,2024-05-27,14520.0,14440.0,80.0,73,156,207.43,469.0,325.0,129
Principal,2024-05-28,11205.0,11190.0,15.0,57,120,196.58,340.0,219.0,103
Principal,2024-05-29,12151.0,12136.0,15.0,67,129,192.87,369.0,250.0,126
Principal,2024-05-30,10515.0,10465.0,50.0,60,107,191.18,301.0,203.0,102
Principal,2024-05-31,14141.0,14036.0,105.0,68,150,214.26,440.0,287.0,124
Principal,2024-06-01,21274.0,21049.0,225.0,97,232,226.32,650.0,427.0,158
Principal,2024-06-02,29609.9,29554.9,55.0,104,357,305.26,998.0,707.0,184
Principal,2024-06-03,11821.7,11821.7,0.0,66,118,193.8,415.0,291.0,118
Principal,2024-06-04,15838.4,15838.4,0.0,77,163,211.18,473.0,326.0,128
Principal,2024-06-05,10359.0,10339.0,20.0,46,112,230.2,349.0,221.0,115
Principal,2024-06-06,10574.0,10509.0,65.0,70,114,160.21,332.0,219.0,118
Principal,2024-06-07,13192.0,13172.0,20.0,78,155,180.71,489.0,354.0,113
Principal,2024-06-08,17298.0,17273.0,25.0,70,191,254.38,514.0,313.0,148
Principal,2024-06-09,24134.2,23984.2,150.0,95,254,268.16,698.0,417.0,183
Principal,2024-06-10,12568.0,12538.0,30.0,66,123,206.03,342.0,224.0,119
Principal,2024-06-11,11848.0,11848.0,0.0,60,133,211.57,355.0,220.0,118
Principal,2024-06-12,9425.0,9355.0,70.0,51,105,196.35,301.0,202.0,102
Principal,2024-06-13,13737.6,13737.6,0.0,78,156,185.64,523.0,397.0,127
Principal,2024-06-14,13254.0,13199.0,55.0,63,138,217.28,358.0,223.0,124
Principal,2024-06-15,20625.45,20540.45,85.0,92,249,231.75,731.0,506.0,152
Principal,2024-06-16,28231.1,28116.1,115.0,92,296,313.68,831.0,514.0,199
Principal,2024-06-17,10198.5,10198.5,0.0,62,133,182.12,392.0,288.0,107
Principal,2024-06-18,12843.9,12828.9,15.0,70,162,207.16,409.0,272.0,108
Principal,2024-06-19,13892.8,13892.8,0.0,60,181,252.6,433.0,268.0,122
Principal,2024-06-20,15084.0,15034.0,50.0,68,177,235.69,500.0,359.0,133
Principal,2024-06-21,11425.9,11380.9,45.0,51,160,233.18,364.0,235.0,118
Principal,2024-06-22,17405.0,17290.0,115.0,71,232,259.78,593.0,428.0,138
Principal,2024-06-23,24317.0,24282.0,35.0,82,314,300.21,853.0,575.0,180
Principal,2024-06-24,12315.0,12180.0,135.0,68,162,201.89,377.0,251.0,126
Principal,2024-06-25,10074.0,10074.0,0.0,57,135,186.56,343.0,257.0,113
Principal,2024-06-26,11054.0,11004.0,50.0,64,153,184.23,361.0,222.0,104
Principal,2024-06-27,13342.55,13312.55,30.0,61,163,226.14,421.0,276.0,121
Principal,2024-06-28,14570.0,14505.0,65.0,73,214,214.26,539.0,410.0,124
Principal,2024-06-29,22157.0,22017.0,140.0,83,274,270.21,702.0,485.0,165
Principal,2024-06-30,23774.0,23564.0,210.0,89,287,273.26,765.0,516.0,182
Principal,2024-07-01,13492.0,13352.0,140.0,70,168,195.54,414.0,279.0,115
Principal,2024-07-02,12743.0,12648.0,95.0,69,170,196.05,404.0,261.0,121
Principal,2024-07-03,12986.0,12906.0,80.0,61,153,240.48,369.0,203.0,117
Principal,2024-07-04,14194.0,14114.0,80.0,61,177,244.72,433.0,281.0,136
Principal,2024-07-05,17418.1,17313.1,105.0,85,184,215.04,528.0,358.0,157
Principal,2024-07-06,18590.25,18560.25,30.0,74,217,265.57,623.0,412.0,160
Principal,2024-07-07,26788.0,26708.0,80.0,87,285,311.49,707.0,409.0,191
Principal,2024-07-08,16911.5,16856.5,55.0,72,210,252.41,609.0,403.0,149
Principal,2024-07-09,13375.0,13320.0,55.0,65,145,219.26,469.0,312.0,120
Principal,2024-07-10,9958.0,9928.0,30.0,54,113,195.25,325.0,234.0,97
Principal,2024-07-11,10260.0,10185.0,75.0,57,114,209.39,355.0,264.0,102
Principal,2024-07-12,10439.9,10394.9,45.0,49,113,217.5,301.0,204.0,96
Principal,2024-07-13,23629.0,23489.0,140.0,90,250,274.76,719.0,496.0,158
Principal,2024-07-14,24957.0,24827.0,130.0,85,279,304.35,743.0,515.0,180
Principal,2024-07-15,18259.0,18224.0,35.0,79,179,234.09,503.0,325.0,133
Principal,2024-07-16,17502.25,17432.25,70.0,74,171,243.09,569.0,421.0,139
Principal,2024-07-17,16635.0,16425.0,210.0,70,190,244.63,508.0,344.0,129
Principal,2024-07-18,16277.95,16137.95,140.0,71,180,250.43,511.0,371.0,134
Principal,2024-07-19,17158.0,17073.0,85.0,69,213,276.74,499.0,343.0,129
Principal,2024-07-20,25667.3,25437.3,230.0,82,283,324.9,772.0,515.0,167
Principal,2024-07-21,23083.05,22878.05,205.0,86,255,284.98,695.0,486.0,163
Principal,2024-07-22,17445.0,17390.0,55.0,67,200,281.37,511.0,323.0,142
Principal,2024-07-23,17930.0,17805.0,125.0,77,203,239.07,570.0,369.0,126
Principal,2024-07-24,13858.0,13813.0,45.0,55,155,266.5,416.0,261.0,127
Principal,2024-07-25,13204.2,13114.2,90.0,51,150,264.08,441.0,322.0,123
Principal,2024-07-26,14116.0,14081.0,35.0,59,172,243.38,432.0,288.0,122
Principal,2024-07-27,21189.0,21024.0,165.0,76,259,294.29,704.0,482.0,152
Principal,2024-07-28,21947.0,21732.0,215.0,86,248,267.65,714.0,503.0,157
Principal,2024-07-29,16804.0,16734.0,70.0,70,210,250.81,534.0,365.0,127
Principal,2024-07-30,14359.0,14359.0,0.0,59,161,261.07,405.0,248.0,120
Principal,2024-07-31,17161.0,17046.0,115.0,72,201,241.7,519.0,354.0,141
Principal,2024-08-01,12696.0,12601.0,95.0,63,127,204.77,395.0,275.0,122
Principal,2024-08-02,15428.0,15378.0,50.0,77,188,217.3,514.0,390.0,126
Principal,2024-08-03,19921.0,19846.0,75.0,72,203,292.96,627.0,438.0,151
Principal,2024-08-04,26769.0,26679.0,90.0,83,289,326.45,876.0,629.0,172
Principal,2024-08-05,15406.0,15316.0,90.0,70,179,248.48,508.0,337.0,127
Principal,2024-08-06,14630.0,14630.0,0.0,55,154,276.04,380.0,207.0,121
Principal,2024-08-07,14534.0,14534.0,0.0,67,164,230.7,433.0,273.0,118
Principal,2024-08-08,10105.9,10065.9,40.0,44,106,235.02,312.0,222.0,102
Principal,2024-08-09,15504.3,15464.3,40.0,80,172,209.52,500.0,358.0,127
Principal,2024-08-10,21659.0,21564.0,95.0,79,232,296.7,622.0,390.0,151
Principal,2024-08-11,28157.0,28022.0,135.0,90,273,331.26,765.0,467.0,175
Principal,2024-08-12,16261.0,16191.0,70.0,64,177,254.08,487.0,309.0,127
Principal,2024-08-13,17600.0,17550.0,50.0,69,186,258.82,460.0,277.0,141
Principal,2024-08-14,15999.0,15979.0,20.0,59,176,280.68,438.0,259.0,124
Principal,2024-08-15,17499.0,17429.0,70.0,65,190,286.87,457.0,273.0,136
Principal,2024-08-16,16569.0,16379.0,190.0,69,201,247.3,508.0,367.0,123
Principal,2024-08-17,18951.0,18936.0,15.0,71,204,278.69,644.0,463.0,136
Principal,2024-08-18,27988.0,27938.0,50.0,79,255,373.17,725.0,435.0,173
Principal,2024-08-19,15777.0,15567.0,210.0,68,162,239.05,519.0,396.0,126
Principal,2024-08-20,15535.0,15465.0,70.0,67,170,235.38,501.0,352.0,129
Principal,2024-08-21,10520.0,10505.0,15.0,46,135,239.09,295.0,170.0,89
Principal,2024-08-22,11829.5,11814.5,15.0,60,136,223.2,365.0,236.0,118
Principal,2024-08-23,14077.0,14057.0,20.0,63,164,234.62,437.0,289.0,133
Principal,2024-08-24,19699.0,19624.0,75.0,74,226,277.45,636.0,451.0,126
Principal,2024-08-25,28771.6,28636.6,135.0,92,298,316.17,871.0,591.0,186
Principal,2024-08-26,15256.0,15211.0,45.0,71,174,217.94,476.0,346.0,121
Principal,2024-08-27,10989.0,10954.0,35.0,49,122,238.89,345.0,241.0,102
Principal,2024-08-28,12830.0,12770.0,60.0,66,135,217.46,367.0,234.0,108
Principal,2024-08-29,14343.0,14298.0,45.0,66,159,227.67,434.0,295.0,126
Principal,2024-08-30,12568.0,12463.0,105.0,60,127,216.69,388.0,256.0,118
Principal,2024-08-31,18959.0,18929.0,30.0,75,212,256.2,606.0,428.0,148
Principal,2024-09-01,20799.0,20674.0,125.0,79,220,281.07,695.0,534.0,143
Principal,2024-09-02,12378.0,12318.0,60.0,58,124,217.16,399.0,276.0,118
Principal,2024-09-03,16049.0,16049.0,0.0,67,195,250.77,503.0,337.0,127
Principal,2024-09-04,12895.3,12865.3,30.0,62,163,222.33,384.0,241.0,110
Principal,2024-09-05,11689.0,11654.0,35.0,58,142,208.73,423.0,314.0,91
Principal,2024-09-06,10957.0,10932.0,25.0,50,112,238.2,332.0,218.0,101
Principal,2024-09-07,20081.0,20026.0,55.0,76,219,282.83,613.0,438.0,147
Principal,2024-09-08,27722.0,27677.0,45.0,94,321,315.02,889.0,609.0,171
Principal,2024-09-09,12833.0,12683.0,150.0,54,139,251.63,363.0,228.0,120
Principal,2024-09-10,9709.0,9709.0,0.0,40,102,242.72,333.0,232.0,90
Principal,2024-09-11,10247.0,10197.0,50.0,54,125,200.92,335.0,219.0,108
Principal,2024-09-12,9528.0,9508.0,20.0,42,107,226.86,297.0,188.0,100
Principal,2024-09-13,25720.0,25645.0,75.0,84,237,329.74,687.0,491.0,164
Principal,2024-09-14,23990.0,23865.0,125.0,83,258,292.56,792.0,571.0,164
Principal,2024-09-15,29081.0,29006.0,75.0,100,312,302.93,914.0,643.0,167
Principal,2024-09-16,23008.0,23008.0,0.0,69,223,338.35,612.0,368.0,150
Principal,2024-09-17,11741.0,11671.0,70.0,52,124,225.79,351.0,237.0,104
Principal,2024-09-18,13837.0,13767.0,70.0,66,149,212.88,371.0,219.0,119
Principal,2024-09-19,11242.0,11182.0,60.0,55,113,208.19,372.0,271.0,113
Principal,2024-09-20,10080.0,10050.0,30.0,52,120,197.65,319.0,216.0,99
Principal,2024-09-21,21065.0,21020.0,45.0,73,214,296.69,700.0,521.0,139
Principal,2024-09-22,24628.0,24578.0,50.0,84,268,311.75,824.0,591.0,157
Principal,2024-09-23,14376.0,14286.0,90.0,66,150,217.82,434.0,283.0,121
Principal,2024-09-24,11157.0,11002.0,155.0,56,141,202.85,367.0,254.0,100
Principal,2024-09-25,12896.0,12866.0,30.0,64,151,204.7,407.0,268.0,115
Principal,2024-09-26,13189.0,13094.0,95.0,61,120,216.21,379.0,258.0,128
Principal,2024-09-27,12549.0,12509.0,40.0,63,140,212.69,376.0,251.0,113
Principal,2024-09-28,24672.0,24497.0,175.0,89,260,283.59,763.0,513.0,159
Principal,2024-09-29,22374.0,22279.0,95.0,85,228,266.36,646.0,442.0,168
Principal,2024-09-30,13715.0,13670.0,45.0,63,148,221.21,503.0,386.0,99
Principal,2024-10-01,20467.0,20467.0,0.0,73,219,292.39,565.0,392.0,153
Principal,2024-10-02,9739.0,9739.0,0.0,53,126,187.29,346.0,251.0,107
Principal,2024-10-03,12147.0,12147.0,0.0,67,144,209.43,359.0,242.0,107
Principal,2024-10-04,13043.0,12923.0,120.0,57,133,232.91,379.0,259.0,126
Principal,2024-10-05,17959.0,17919.0,40.0,70,201,268.04,644.0,499.0,126
Principal,2024-10-06,22552.0,22492.0,60.0,89,249,278.42,668.0,464.0,159
Principal,2024-10-07,12280.0,12240.0,40.0,62,131,201.31,396.0,288.0,115
Principal,2024-10-08,15772.4,15742.4,30.0,63,167,258.56,449.0,265.0,116
Principal,2024-10-09,10741.0,10701.0,40.0,51,131,214.82,335.0,255.0,116
Principal,2024-10-10,11935.0,11895.0,40.0,61,150,209.39,393.0,272.0,111
Principal,2024-10-11,17354.0,17329.0,25.0,53,124,354.16,373.0,201.0,109
Principal,2024-10-12,23266.0,23206.0,60.0,97,253,255.67,729.0,516.0,158
Principal,2024-10-13,23278.0,23183.0,95.0,85,246,283.88,706.0,537.0,159
Principal,2024-10-14,14736.0,14576.0,160.0,59,151,249.76,451.0,310.0,128
Principal,2024-10-15,10640.0,10620.0,20.0,56,120,190.0,369.0,263.0,99
Principal,2024-10-16,10237.0,10207.0,30.0,53,123,204.74,334.0,236.0,93
Principal,2024-10-17,13958.0,13958.0,0.0,60,161,236.58,419.0,268.0,127
Principal,2024-10-18,15985.0,15970.0,15.0,74,191,218.97,486.0,336.0,131
Principal,2024-10-19,23652.0,23502.0,150.0,89,250,275.02,769.0,559.0,141
Principal,2024-10-20,23448.0,23403.0,45.0,81,243,300.62,741.0,512.0,153
Principal,2024-10-21,13852.0,13757.0,95.0,68,161,203.71,454.0,314.0,123
Principal,2024-10-22,10142.0,10117.0,25.0,49,119,206.98,341.0,245.0,110
Principal,2024-10-23,13138.0,13138.0,0.0,57,154,230.49,436.0,304.0,118
Principal,2024-10-24,15275.0,15235.0,40.0,60,151,254.58,405.0,251.0,130
Principal,2024-10-25,14921.0,14846.0,75.0,70,183,213.16,525.0,387.0,119
Principal,2024-10-26,16858.0,16803.0,55.0,72,204,237.44,582.0,441.0,123
Principal,2024-10-27,17043.0,16953.0,90.0,65,201,266.3,662.0,538.0,127
Principal,2024-10-28,11527.0,11412.0,115.0,54,142,226.02,373.0,263.0,115
Principal,2024-10-29,10177.0,10162.0,15.0,58,126,185.04,312.0,202.0,110
Principal,2024-10-30,10163.0,10123.0,40.0,48,111,225.84,338.0,230.0,101
Principal,2024-10-31,11783.0,11753.0,30.0,56,129,214.24,359.0,266.0,120
Principal,2024-11-01,15133.0,15133.0,0.0,62,166,256.49,426.0,291.0,115
Principal,2024-11-02,23031.0,22981.0,50.0,91,261,270.95,709.0,510.0,159
Principal,2024-11-03,20178.0,20068.0,110.0,75,227,280.25,685.0,537.0,144
Principal,2024-11-04,9455.0,9445.0,10.0,50,118,201.17,311.0,215.0,101
Principal,2024-11-05,8151.0,8131.0,20.0,44,106,185.25,290.0,202.0,94
Principal,2024-11-06,11564.0,11539.0,25.0,58,152,226.75,339.0,230.0,98
Principal,2024-11-07,12223.0,12168.0,55.0,51,126,239.67,341.0,228.0,99
Principal,2024-11-08,13472.0,13447.0,25.0,65,167,213.84,461.0,343.0,121
Principal,2024-11-09,21512.0,21487.0,25.0,84,245,268.9,729.0,508.0,152
Principal,2024-11-10,23089.0,23054.0,35.0,93,252,250.97,717.0,504.0,168
Principal,2024-11-11,11043.0,11003.0,40.0,46,127,250.98,322.0,248.0,92
Principal,2024-11-12,19289.0,19259.0,30.0,76,210,253.8,523.0,313.0,142
Principal,2024-11-13,13266.0,13251.0,15.0,62,172,224.85,415.0,276.0,107
Principal,2024-11-14,11686.0,11571.0,115.0,49,144,243.46,352.0,251.0,100
Principal,2024-11-15,15244.0,15159.0,85.0,65,172,241.97,474.0,306.0,122
Principal,2024-11-16,25985.0,25860.0,125.0,96,260,282.45,838.0,610.0,162
Principal,2024-11-17,22913.0,22868.0,45.0,77,242,305.51,750.0,508.0,148
Principal,2024-11-18,20320.4,20285.4,35.0,68,228,307.88,651.0,476.0,141
Principal,2024-11-19,11989.0,11989.0,0.0,56,141,217.98,371.0,244.0,104
Principal,2024-11-20,15330.0,15265.0,65.0,62,182,251.31,451.0,308.0,128
Principal,2024-11-21,10660.0,10620.0,40.0,53,135,201.13,336.0,235.0,112
Principal,2024-11-22,14075.0,13980.0,95.0,58,166,246.93,442.0,294.0,127
Principal,2024-11-23,20776.15,20721.15,55.0,81,241,269.82,724.0,534.0,156
Principal,2024-11-24,22301.0,22271.0,30.0,79,247,293.43,689.0,489.0,154
Principal,2024-11-25,10808.0,10768.0,40.0,53,114,216.16,295.0,189.0,110
Principal,2024-11-26,11602.0,11567.0,35.0,48,144,241.71,352.0,230.0,112
Principal,2024-11-27,11384.0,11384.0,0.0,50,128,237.17,317.0,187.0,97
Principal,2024-11-28,10693.0,10653.0,40.0,55,120,201.75,317.0,212.0,108
Principal,2024-11-29,12272.0,12272.0,0.0,49,145,250.45,364.0,241.0,119
Principal,2024-11-30,19478.0,19428.0,50.0,79,220,249.72,674.0,501.0,144
Principal,2024-12-01,21999.0,21899.0,100.0,79,243,293.32,767.0,571.0,149
Principal,2024-12-02,10727.0,10687.0,40.0,54,135,206.29,361.0,269.0,106
Principal,2024-12-03,13771.0,13716.0,55.0,64,164,215.17,469.0,334.0,111
Principal,2024-12-04,12420.0,12365.0,55.0,55,157,225.82,377.0,241.0,116
Principal,2024-12-05,9123.0,9083.0,40.0,43,109,228.07,340.0,262.0,91
Principal,2024-12-06,13382.0,13352.0,30.0,61,173,219.38,463.0,328.0,110
Principal,2024-12-07,20465.0,20405.0,60.0,68,226,305.45,612.0,411.0,140
Principal,2024-12-08,17624.0,17594.0,30.0,62,198,298.71,510.0,355.0,133
Principal,2024-12-09,14367.0,14312.0,55.0,63,164,239.45,421.0,266.0,135
Principal,2024-12-10,13092.0,12947.0,145.0,61,155,221.9,388.0,255.0,109
Principal,2024-12-11,17136.0,17041.0,95.0,73,180,244.8,498.0,340.0,128
Principal,2024-12-12,17678.0,17608.0,70.0,75,215,238.89,533.0,351.0,145
Principal,2024-12-13,19868.0,19823.0,45.0,88,246,242.29,595.0,400.0,141
Principal,2024-12-14,14385.0,14360.0,25.0,65,160,221.31,476.0,332.0,118
Principal,2024-12-15,20701.0,20636.0,65.0,70,221,304.43,710.0,517.0,143
Principal,2024-12-16,14267.0,14172.0,95.0,61,169,241.81,384.0,237.0,112
Principal,2024-12-17,18687.0,18672.0,15.0,62,204,311.45,561.0,375.0,129
Principal,2024-12-18,12136.0,12076.0,60.0,48,145,252.83,355.0,230.0,105
Principal,2024-12-19,12662.0,12582.0,80.0,56,155,230.22,457.0,359.0,121
Principal,2024-12-20,16132.0,16087.0,45.0,70,187,233.8,499.0,344.0,134
Principal,2024-12-21,22315.0,22215.0,100.0,70,222,318.79,636.0,393.0,157
Principal,2024-12-22,29867.0,29857.0,10.0,76,292,392.99,909.0,653.0,167
Principal,2024-12-23,19314.0,19304.0,10.0,71,199,272.03,588.0,398.0,144
Principal,2024-12-24,24142.0,24112.0,30.0,79,267,305.59,826.0,613.0,146
Principal,2024-12-26,14512.0,14397.0,115.0,61,156,245.97,449.0,330.0,136
Principal,2024-12-27,21022.0,21002.0,20.0,68,237,313.76,681.0,475.0,145
Principal,2024-12-28,21381.0,21271.0,110.0,73,246,301.14,761.0,538.0,136
Principal,2024-12-29,24711.0,24711.0,0.0,72,250,343.21,841.0,618.0,154
Principal,2024-12-30,21928.0,21918.0,10.0,86,243,261.05,732.0,478.0,158
Principal,2024-12-31,26676.0,26676.0,0.0,89,282,303.14,812.0,566.0,175
Principal,2025-01-02,21652.0,21632.0,20.0,67,220,323.16,686.0,471.0,152
Principal,2025-01-03,19810.0,19770.0,40.0,69,218,291.32,605.0,417.0,162
Principal,2025-01-04,25620.0,25600.0,20.0,84,270,316.3,740.0,477.0,166
Principal,2025-01-05,27712.0,27667.0,45.0,87,275,322.23,806.0,533.0,178
Principal,2025-01-06,14457.0,14402.0,55.0,61,150,240.95,493.0,361.0,118
Principal,2025-01-07,14142.0,14062.0,80.0,64,169,220.97,437.0,280.0,126
Principal,2025-01-08,12574.0,12524.0,50.0,57,146,220.6,407.0,279.0,108
Principal,2025-01-09,12535.0,12460.0,75.0,50,128,250.7,397.0,275.0,122
Principal,2025-01-10,12561.0,12496.0,65.0,57,138,224.3,437.0,340.0,115
Principal,2025-01-11,21260.0,21260.0,0.0,74,221,287.3,769.0,558.0,151
Principal,2025-01-12,24637.0,24582.0,55.0,76,244,337.49,812.0,599.0,161
Principal,2025-01-13,11319.0,11319.0,0.0,54,130,209.61,340.0,226.0,103
Principal,2025-01-14,12340.0,12300.0,40.0,56,156,232.83,402.0,264.0,109
Principal,2025-01-15,14771.0,14721.0,50.0,54,165,278.7,452.0,283.0,114
Principal,2025-01-16,12958.0,12913.0,45.0,48,138,275.7,407.0,250.0,105
Principal,2025-01-17,16476.0,16476.0,0.0,65,187,261.52,522.0,356.0,128
Principal,2025-01-18,22280.0,22245.0,35.0,81,241,275.06,708.0,488.0,148
Principal,2025-01-19,27365.0,27235.0,130.0,91,279,310.97,845.0,597.0,180
Principal,2025-01-20,12318.0,12293.0,25.0,47,136,262.09,359.0,222.0,108
Principal,2025-01-21,15393.0,15378.0,15.0,63,176,244.33,444.0,262.0,118
Principal,2025-01-22,11165.0,11015.0,150.0,47,122,248.11,321.0,200.0,90
Principal,2025-01-23,10381.0,10326.0,55.0,51,127,211.86,333.0,226.0,118
Principal,2025-01-24,11553.0,11523.0,30.0,52,134,222.17,380.0,269.0,113
Principal,2025-01-25,18577.0,18537.0,40.0,67,202,281.47,595.0,403.0,137
Principal,2025-01-26,23590.0,23560.0,30.0,78,255,302.44,757.0,497.0,153
Principal,2025-01-27,10038.0,10038.0,0.0,50,128,204.86,337.0,234.0,105
Principal,2025-01-28,11963.0,11963.0,0.0,54,135,221.54,354.0,224.0,112
Principal,2025-01-29,16078.0,16038.0,40.0,68,181,239.97,496.0,318.0,130
Principal,2025-01-30,12061.0,12061.0,0.0,53,135,231.94,373.0,236.0,109
Principal,2025-01-31,15197.0,15072.0,125.0,66,165,233.8,499.0,355.0,141
Principal,2025-02-01,18516.0,18491.0,25.0,73,211,257.17,623.0,458.0,132
Principal,2025-02-02,22066.0,22066.0,0.0,71,236,310.79,727.0,509.0,147
Principal,2025-02-03,22990.0,22850.0,140.0,71,215,323.8,670.0,448.0,148
Principal,2025-02-04,11062.0,10952.0,110.0,50,128,221.24,291.0,170.0,102
Principal,2025-02-05,9598.0,9583.0,15.0,45,119,213.29,358.0,270.0,89
Principal,2025-02-06,11376.0,11331.0,45.0,52,138,223.06,365.0,245.0,108
Principal,2025-02-07,8955.0,8885.0,70.0,48,102,194.67,288.0,195.0,99
Principal,2025-02-08,14543.0,14503.0,40.0,60,164,242.38,486.0,329.0,131
Principal,2025-02-09,24340.0,24285.0,55.0,78,246,320.26,831.0,600.0,165
Principal,2025-02-10,11777.0,11752.0,25.0,46,127,256.02,310.0,176.0,98
Principal,2025-02-11,12592.0,12517.0,75.0,57,154,220.91,415.0,296.0,103
Principal,2025-02-12,13376.0,13376.0,0.0,57,142,234.67,383.0,255.0,119
Principal,2025-02-13,12189.0,12149.0,40.0,49,134,248.76,372.0,232.0,102
Principal,2025-02-14,21937.0,21752.0,185.0,87,235,255.08,595.0,386.0,157
Principal,2025-02-15,22909.0,22849.0,60.0,80,246,286.36,706.0,470.0,154
Principal,2025-02-16,27852.0,27792.0,60.0,101,281,284.2,906.0,631.0,170
Principal,2025-02-17,9215.0,9215.0,0.0,44,106,209.43,281.0,186.0,98
Principal,2025-02-18,12613.0,12538.0,75.0,56,142,225.23,353.0,237.0,102
Principal,2025-02-19,14883.0,14848.0,35.0,57,145,261.11,371.0,215.0,114
Principal,2025-02-20,14017.0,14017.0,0.0,57,144,245.91,394.0,263.0,112
Principal,2025-02-21,12007.0,11957.0,50.0,49,130,245.04,377.0,266.0,105
Principal,2025-02-22,22255.2,22155.2,100.0,71,220,313.45,629.0,444.0,140
Principal,2025-02-23,26892.0,26827.0,65.0,76,262,358.56,712.0,465.0,159
Principal,2025-02-24,10013.0,9978.0,35.0,46,91,222.51,322.0,242.0,103
Principal,2025-02-25,13095.0,13095.0,0.0,47,127,278.62,318.0,183.0,107
Principal,2025-02-26,13413.0,13328.0,85.0,56,139,239.52,374.0,243.0,108
Principal,2025-02-27,15419.0,15399.0,20.0,60,165,256.98,419.0,268.0,123
Principal,2025-02-28,14829.0,14704.0,125.0,57,166,260.16,453.0,327.0,102
Principal,2025-03-01,22006.0,21841.0,165.0,76,218,293.41,594.0,377.0,157
Principal,2025-03-02,25960.0,25850.0,110.0,81,231,324.5,722.0,507.0,152
Principal,2025-03-03,14107.0,14047.0,60.0,52,136,271.29,399.0,265.0,111
Principal,2025-03-04,11038.0,10823.0,215.0,46,123,239.96,290.0,180.0,96
Principal,2025-03-05,14892.0,14817.0,75.0,62,155,244.13,397.0,236.0,121
Principal,2025-03-06,12991.0,12971.0,20.0,53,144,245.11,345.0,210.0,113
Principal,2025-03-07,16419.0,16379.0,40.0,61,156,269.16,451.0,301.0,131
Principal,2025-03-08,23391.0,23321.0,70.0,70,213,334.16,569.0,358.0,156
Principal,2025-03-09,23938.0,23913.0,25.0,76,221,319.17,705.0,497.0,152
Principal,2025-03-10,10843.0,10823.0,20.0,45,113,246.43,292.0,183.0,104
Principal,2025-03-11,12317.0,12277.0,40.0,52,129,241.51,345.0,257.0,103
Principal,2025-03-12,9672.0,9637.0,35.0,42,100,241.8,243.0,141.0,89
Principal,2025-03-13,15835.0,15835.0,0.0,56,145,282.77,429.0,272.0,119
Principal,2025-03-14,15102.0,15087.0,15.0,62,164,251.7,405.0,274.0,105
Principal,2025-03-15,25576.0,25491.0,85.0,72,246,355.22,688.0,451.0,157
Principal,2025-03-16,26202.0,26142.0,60.0,68,252,391.07,787.0,556.0,163
Principal,2025-03-17,29245.0,29230.0,15.0,85,281,356.65,829.0,564.0,172
Principal,2025-03-18,14861.0,14841.0,20.0,48,141,309.6,378.0,230.0,121
Principal,2025-03-19,12051.0,12031.0,20.0,47,119,261.98,309.0,185.0,95
Principal,2025-03-20,13396.0,13356.0,40.0,48,137,285.02,371.0,252.0,117
Principal,2025-03-21,12207.0,12152.0,55.0,56,141,221.95,376.0,264.0,97
Principal,2025-03-22,21146.0,21091.0,55.0,70,236,302.09,644.0,454.0,138
Principal,2025-03-23,24178.0,24058.0,120.0,78,254,318.13,765.0,563.0,158
Principal,2025-03-24,15913.0,15913.0,0.0,56,170,289.33,458.0,294.0,116
Principal,2025-03-25,13131.0,13131.0,0.0,55,145,243.17,332.0,178.0,95
Principal,2025-03-26,12836.0,12776.0,60.0,47,121,273.11,301.0,172.0,98
Principal,2025-03-27,9213.0,9213.0,0.0,43,86,214.26,284.0,218.0,88
Principal,2025-03-28,17529.0,17504.0,25.0,57,169,307.53,433.0,288.0,120
Principal,2025-03-29,21222.0,21112.0,110.0,71,215,298.9,601.0,417.0,137
Principal,2025-03-30,28895.0,28895.0,0.0,90,263,328.35,781.0,557.0,176
Principal,2025-03-31,13757.0,13722.0,35.0,53,147,259.57,385.0,239.0,110
Principal,2025-04-01,19485.0,19425.0,60.0,61,174,319.43,442.0,225.0,129
Principal,2025-04-02,9544.0,9544.0,0.0,42,104,227.24,268.0,184.0,89
Principal,2025-04-03,13439.0,13419.0,20.0,60,149,227.78,371.0,237.0,108
Principal,2025-04-04,14772.0,14732.0,40.0,63,166,238.26,426.0,288.0,118
Principal,2025-04-05,30483.0,30328.0,155.0,96,299,317.53,805.0,532.0,183
Principal,2025-04-06,17664.0,17634.0,30.0,59,183,299.39,583.0,466.0,122
Principal,2025-04-07,13970.0,13930.0,40.0,59,159,236.78,457.0,333.0,116
Principal,2025-04-08,12767.0,12697.0,70.0,56,147,232.13,368.0,238.0,98
Principal,2025-04-09,14295.0,14220.0,75.0,51,151,291.73,393.0,249.0,101
Principal,2025-04-10,13526.0,13476.0,50.0,64,155,211.34,436.0,302.0,104
Principal,2025-04-11,14215.0,14190.0,25.0,62,153,229.27,396.0,267.0,123
Principal,2025-04-12,26427.0,26332.0,95.0,79,252,338.81,756.0,494.0,165
Principal,2025-04-13,27532.0,27507.0,25.0,90,262,312.86,814.0,582.0,157
Principal,2025-04-14,21967.0,21952.0,15.0,69,200,323.04,621.0,404.0,155
Principal,2025-04-15,14656.0,14656.0,0.0,53,140,276.53,425.0,284.0,109
Principal,2025-04-16,22864.0,22809.0,55.0,59,208,387.53,583.0,382.0,148
Principal,2025-04-17,17959.0,17939.0,20.0,57,198,315.07,628.0,467.0,127
Principal,2025-04-18,30541.0,30526.0,15.0,86,318,363.58,938.0,624.0,164
Principal,2025-04-19,21195.0,21150.0,45.0,59,196,359.24,594.0,405.0,142
Principal,2025-04-20,29944.0,29894.0,50.0,84,292,365.17,872.0,616.0,173
Principal,2025-04-21,14751.0,14696.0,55.0,63,154,234.14,465.0,333.0,109
Principal,2025-04-22,19036.0,19006.0,30.0,59,178,328.21,450.0,268.0,128
Principal,2025-04-23,16218.0,16198.0,20.0,55,154,294.87,442.0,287.0,113
Principal,2025-04-24,13288.0,13288.0,0.0,42,141,324.1,387.0,252.0,101
Principal,2025-04-25,16128.0,16118.0,10.0,59,166,273.36,473.0,332.0,130
Principal,2025-04-26,24852.0,24812.0,40.0,81,250,306.81,782.0,553.0,150
Principal,2025-04-27,24817.0,24797.0,20.0,80,255,314.14,810.0,612.0,152
Principal,2025-04-28,16199.0,16114.0,85.0,60,166,274.56,456.0,303.0,127
Principal,2025-04-29,13079.0,13054.0,25.0,48,135,278.28,393.0,258.0,103
Principal,2025-04-30,18470.0,18440.0,30.0,63,160,293.17,475.0,294.0,130
Principal,2025-05-01,19321.0,19241.0,80.0,69,200,280.01,593.0,417.0,131
Principal,2025-05-02,13556.0,13506.0,50.0,47,142,288.43,366.0,240.0,113
Principal,2025-05-03,18845.0,18710.0,135.0,57,194,342.64,574.0,426.0,132
Principal,2025-05-04,21650.0,21585.0,65.0,66,209,328.03,619.0,438.0,141
Principal,2025-05-05,13591.0,13561.0,30.0,55,146,247.11,404.0,294.0,106
Principal,2025-05-06,10344.0,10284.0,60.0,49,115,211.1,291.0,183.0,91
Principal,2025-05-07,12508.0,12448.0,60.0,51,130,245.25,332.0,216.0,111
Principal,2025-05-08,15944.0,15884.0,60.0,57,158,279.72,436.0,281.0,121
Principal,2025-05-09,17045.0,17045.0,0.0,64,185,266.33,524.0,373.0,118
Principal,2025-05-10,26706.0,26621.0,85.0,61,252,437.8,763.0,488.0,160
Principal,2025-05-11,31276.0,31181.0,95.0,92,297,343.69,904.0,645.0,175
Principal,2025-05-12,18448.0,18333.0,115.0,65,187,283.82,534.0,345.0,123
Principal,2025-05-13,13386.0,13246.0,140.0,46,138,291.0,392.0,252.0,101
Principal,2025-05-14,15201.0,15116.0,85.0,58,154,262.09,425.0,278.0,118
Principal,2025-05-15,16727.0,16697.0,30.0,62,167,269.79,475.0,317.0,117
Principal,2025-05-16,14526.0,14496.0,30.0,59,156,246.2,424.0,292.0,116
Principal,2025-05-17,23531.0,23506.0,25.0,81,238,290.51,672.0,470.0,154
Principal,2025-05-18,27354.0,27314.0,40.0,79,271,355.25,741.0,505.0,177
Principal,2025-05-19,14823.0,14768.0,55.0,67,158,221.24,455.0,314.0,107
Principal,2025-05-20,15311.0,15226.0,85.0,54,150,288.89,369.0,199.0,114
Principal,2025-05-21,15145.0,15130.0,15.0,61,168,248.28,450.0,299.0,110
Principal,2025-05-22,12830.0,12755.0,75.0,48,131,267.29,331.0,195.0,110
Principal,2025-05-23,13579.0,13564.0,15.0,54,135,251.46,393.0,285.0,114
Principal,2025-05-24,22876.0,22826.0,50.0,80,244,285.95,759.0,558.0,154
Principal,2025-05-25,27944.0,27899.0,45.0,75,244,377.62,771.0,519.0,169
Principal,2025-05-26,17831.0,17701.0,130.0,68,171,266.13,511.0,368.0,116
Principal,2025-05-27,15181.0,15166.0,15.0,48,141,316.27,323.0,173.0,123
Principal,2025-05-28,13207.0,13207.0,0.0,47,119,281.0,331.0,217.0,95
Principal,2025-05-29,17757.0,17642.0,115.0,66,177,273.18,471.0,299.0,137
Principal,2025-05-30,18080.0,17955.0,125.0,63,183,286.98,542.0,406.0,119
Principal,2025-05-31,27948.0,27853.0,95.0,95,286,294.19,818.0,587.0,172
Principal,2025-06-01,25912.0,25767.0,145.0,81,253,319.9,745.0,488.0,165
Principal,2025-06-02,18681.0,18596.0,85.0,69,173,270.74,488.0,320.0,149
Principal,2025-06-03,12199.0,12134.0,65.0,52,138,234.6,350.0,235.0,96
Principal,2025-06-04,13064.0,13064.0,0.0,52,133,251.23,406.0,278.0,108
Principal,2025-06-05,20657.0,20617.0,40.0,76,196,275.43,571.0,378.0,143
Principal,2025-06-06,18996.0,18916.0,80.0,80,190,237.45,531.0,354.0,152
Principal,2025-06-07,25759.0,25644.0,115.0,89,250,289.43,744.0,523.0,152
Principal,2025-06-08,21250.0,21150.0,100.0,69,184,307.97,608.0,452.0,136
Principal,2025-06-09,15290.0,15160.0,130.0,56,150,273.04,433.0,283.0,121
Principal,2025-06-10,17580.0,17425.0,155.0,65,182,270.46,449.0,277.0,125
Principal,2025-06-11,17968.0,17688.0,280.0,62,188,289.81,534.0,363.0,127
Principal,2025-06-12,17477.0,17387.0,90.0,59,152,296.22,441.0,282.0,118
Principal,2025-06-13,16220.0,16150.0,70.0,69,180,235.07,509.0,366.0,120
Principal,2025-06-14,24521.0,24321.0,200.0,80,244,306.51,728.0,524.0,147
Principal,2025-06-15,35878.0,35878.0,0.0,96,317,377.66,878.0,550.0,207
Principal,2025-06-16,18697.0,18647.0,50.0,62,195,301.56,578.0,384.0,133
Principal,2025-06-17,15356.0,15326.0,30.0,60,165,255.93,453.0,298.0,115
Principal,2025-06-18,13590.0,13590.0,0.0,55,146,251.67,499.0,394.0,104
Principal,2025-06-19,13842.0,13792.0,50.0,51,126,276.84,385.0,248.0,108
Principal,2025-06-20,17039.0,16994.0,45.0,60,167,283.98,435.0,286.0,123
Principal,2025-06-21,20421.0,20421.0,0.0,71,179,287.62,619.0,434.0,147
Principal,2025-06-22,23173.0,23158.0,15.0,65,224,356.51,727.0,540.0,140
Principal,2025-06-23,9525.0,9525.0,0.0,40,94,238.12,297.0,216.0,86
Principal,2025-06-24,10348.0,10308.0,40.0,41,105,265.33,298.0,207.0,89
Principal,2025-06-25,12457.0,12382.0,75.0,44,112,283.11,335.0,240.0,89
Principal,2025-06-26,17511.0,17426.0,85.0,58,156,301.91,464.0,301.0,134
Principal,2025-06-27,16100.0,16060.0,40.0,57,168,282.46,485.0,369.0,114
Principal,2025-06-28,20071.0,20051.0,20.0,73,221,274.95,656.0,477.0,146
Principal,2025-06-29,26397.0,26347.0,50.0,70,235,377.1,770.0,544.0,154
Principal,2025-06-30,14094.0,14014.0,80.0,49,138,293.62,420.0,294.0,117
Principal,2025-07-01,14503.0,14463.0,40.0,56,147,258.98,379.0,232.0,120
Principal,2025-07-02,14813.0,14813.0,0.0,64,146,231.45,433.0,316.0,121
Principal,2025-07-03,13145.0,13065.0,80.0,52,141,252.79,405.0,298.0,102
Principal,2025-07-04,17664.0,17624.0,40.0,69,168,256.0,494.0,341.0,126
Principal,2025-07-05,21088.0,21088.0,0.0,67,203,314.75,587.0,393.0,159
Principal,2025-07-06,28812.0,28787.0,25.0,83,254,347.13,834.0,616.0,162
Principal,2025-07-07,8214.0,8194.0,20.0,36,95,228.17,276.0,203.0,78
Principal,2025-07-08,12075.0,12075.0,0.0,46,134,262.5,365.0,245.0,111
Principal,2025-07-09,13014.0,12949.0,65.0,48,142,282.91,386.0,268.0,85
Principal,2025-07-10,13874.0,13684.0,190.0,51,139,272.04,379.0,240.0,110
Principal,2025-07-11,13843.0,13823.0,20.0,60,136,230.72,443.0,333.0,111
Principal,2025-07-12,24555.0,24510.0,45.0,76,256,323.09,711.0,609.0,149
Principal,2025-07-13,31605.0,31535.0,70.0,99,298,319.24,901.0,631.0,184
Principal,2025-07-14,10964.0,10939.0,25.0,45,118,243.64,347.0,236.0,99
Principal,2025-07-15,12852.0,12832.0,20.0,53,139,242.49,344.0,218.0,105
Principal,2025-07-16,12673.0,12673.0,0.0,56,140,226.3,386.0,267.0,104
Principal,2025-07-17,16922.0,16902.0,20.0,63,174,272.94,472.0,302.0,123
Principal,2025-07-18,17297.0,17277.0,20.0,66,184,262.08,513.0,337.0,125
Principal,2025-07-19,21537.0,21472.0,65.0,81,230,265.89,649.0,471.0,135
Principal,2025-07-20,28068.0,28048.0,20.0,80,271,350.85,819.0,559.0,165
Principal,2025-07-21,13474.0,13439.0,35.0,48,136,280.71,366.0,231.0,112
Principal,2025-07-22,16202.0,16182.0,20.0,62,171,265.61,456.0,282.0,115
Principal,2025-07-23,13239.0,13184.0,55.0,51,140,259.59,398.0,274.0,98
Principal,2025-07-24,11657.0,11497.0,160.0,44,123,264.93,333.0,210.0,105
Principal,2025-07-25,16706.0,16646.0,60.0,65,173,257.02,517.0,367.0,120
Principal,2025-07-26,23570.0,23550.0,20.0,76,217,310.13,697.0,490.0,157
Principal,2025-07-27,24024.0,23979.0,45.0,85,253,286.0,765.0,549.0,158
Principal,2025-07-28,19134.0,19094.0,40.0,71,213,269.49,574.0,414.0,128
Principal,2025-07-29,15713.0,15688.0,25.0,59,178,266.32,491.0,343.0,123
Principal,2025-07-30,13878.0,13838.0,40.0,51,155,277.56,428.0,307.0,110
Principal,2025-07-31,12999.0,12939.0,60.0,51,143,259.98,399.0,281.0,104
Principal,2025-08-01,17647.0,17617.0,30.0,63,173,280.11,526.0,379.0,142
Principal,2025-08-02,17366.0,17266.0,100.0,61,165,284.69,516.0,347.0,132
Principal,2025-08-03,29322.0,29322.0,0.0,78,282,385.82,815.0,557.0,180
Principal,2025-08-04,13439.0,13439.0,0.0,58,139,231.71,386.0,276.0,100
Principal,2025-08-05,16920.0,16870.0,50.0,50,170,338.4,478.0,308.0,116
Principal,2025-08-06,18081.0,18056.0,25.0,62,185,291.63,509.0,336.0,135
Principal,2025-08-07,12522.0,12492.0,30.0,51,131,245.53,381.0,277.0,112
Principal,2025-08-08,18785.0,18785.0,0.0,63,190,302.98,539.0,368.0,128
Principal,2025-08-09,20018.0,19978.0,40.0,69,209,290.12,624.0,447.0,144
Principal,2025-08-10,31262.0,31227.0,35.0,100,299,312.62,926.0,636.0,177
Principal,2025-08-11,14981.0,14921.0,60.0,48,134,312.1,404.0,265.0,110
Principal,2025-08-12,16531.0,16531.0,0.0,66,166,254.32,459.0,295.0,137
Principal,2025-08-13,17984.0,17864.0,120.0,66,168,272.48,467.0,305.0,127
Principal,2025-08-14,12202.0,12122.0,80.0,44,125,277.32,330.0,226.0,107
Principal,2025-08-15,18674.0,18674.0,0.0,73,191,255.81,532.0,398.0,126
Principal,2025-08-16,20846.0,20816.0,30.0,68,205,311.13,636.0,459.0,128
Principal,2025-08-17,30747.0,30702.0,45.0,97,301,316.98,888.0,628.0,179
Principal,2025-08-18,15163.0,15143.0,20.0,58,150,261.43,371.0,234.0,121
Principal,2025-08-19,18182.0,18157.0,25.0,59,174,308.17,440.0,274.0,128
Principal,2025-08-20,13365.0,13365.0,0.0,60,134,222.75,425.0,300.0,114
Principal,2025-08-21,14025.0,13985.0,40.0,54,151,259.72,391.0,259.0,109
Principal,2025-08-22,16106.0,16106.0,0.0,61,155,264.03,456.0,324.0,123
Principal,2025-08-23,22866.0,22801.0,65.0,73,228,313.23,686.0,495.0,144
Principal,2025-08-24,28547.0,28482.0,65.0,79,275,365.99,782.0,499.0,176
Principal,2025-08-25,15393.0,15393.0,0.0,60,159,260.9,436.0,287.0,117
Principal,2025-08-26,12881.0,12861.0,20.0,49,130,262.88,342.0,208.0,103
Principal,2025-08-27,16453.0,16403.0,50.0,60,172,283.67,488.0,326.0,112
Principal,2025-08-28,17393.0,17308.0,85.0,61,156,285.13,419.0,258.0,132
Principal,2025-08-29,18800.0,18790.0,10.0,71,188,264.79,508.0,341.0,137
Principal,2025-08-30,22389.0,22329.0,60.0,71,211,315.34,579.0,389.0,134
Principal,2025-08-31,31566.0,31336.0,230.0,85,296,371.36,894.0,612.0,178
Principal,2025-09-01,20967.0,20927.0,40.0,74,201,283.34,566.0,364.0,145
Principal,2025-09-02,13723.0,13668.0,55.0,61,154,236.6,401.0,274.0,104
Principal,2025-09-03,12114.0,12084.0,30.0,43,123,281.72,353.0,226.0,100
Principal,2025-09-04,12352.0,12297.0,55.0,47,125,262.81,396.0,275.0,107
Principal,2025-09-05,15582.0,15542.0,40.0,62,170,251.32,454.0,307.0,123
Principal,2025-09-06,25435.0,25420.0,15.0,83,237,306.45,678.0,431.0,154
Principal,2025-09-07,24915.0,24840.0,75.0,77,241,323.57,729.0,500.0,151
Principal,2025-09-08,16259.0,16239.0,20.0,60,179,270.98,507.0,344.0,130
Principal,2025-09-09,12702.0,12702.0,0.0,53,137,239.66,349.0,228.0,107
Principal,2025-09-10,16749.0,16704.0,45.0,55,155,304.53,452.0,276.0,139
Principal,2025-09-11,11316.0,11236.0,80.0,48,111,240.77,310.0,206.0,104
Principal,2025-09-12,12836.0,12836.0,0.0,51,130,251.69,354.0,226.0,112
Principal,2025-09-13,23238.0,23183.0,55.0,74,234,314.03,725.0,514.0,139
Principal,2025-09-14,30763.0,30743.0,20.0,80,289,384.54,891.0,615.0,161
Principal,2025-09-15,18528.0,18508.0,20.0,68,188,272.47,527.0,356.0,149
Principal,2025-09-16,22067.0,22047.0,20.0,66,210,339.49,591.0,383.0,141
Principal,2025-09-17,12744.0,12744.0,0.0,44,117,296.37,360.0,246.0,89
Principal,2025-09-18,13948.0,13938.0,10.0,45,128,309.96,423.0,280.0,113
Principal,2025-09-19,12915.0,12915.0,0.0,55,132,239.17,387.0,262.0,112
Principal,2025-09-20,22620.0,22590.0,30.0,66,221,348.0,700.0,504.0,148
Principal,2025-09-21,32781.0,32761.0,20.0,89,286,368.33,832.0,522.0,180
Principal,2025-09-22,11707.0,11642.0,65.0,52,118,225.13,311.0,198.0,107
Principal,2025-09-23,11264.0,11024.0,240.0,48,125,234.67,340.0,230.0,106
Principal,2025-09-24,8925.0,8925.0,0.0,44,91,207.56,246.0,157.0,89
Principal,2025-09-25,13744.0,13744.0,0.0,52,131,269.49,382.0,243.0,109
Principal,2025-09-26,18094.0,18074.0,20.0,68,177,266.09,563.0,407.0,125
Principal,2025-09-27,22987.0,22987.0,0.0,71,229,323.76,706.0,489.0,144
Principal,2025-09-28,26804.0,26674.0,130.0,84,261,319.1,821.0,588.0,152
Principal,2025-09-29,13232.0,13202.0,30.0,52,124,254.46,364.0,248.0,112
Principal,2025-09-30,14282.0,14282.0,0.0,54,141,264.48,393.0,233.0,107
Principal,2025-10-01,13832.0,13792.0,40.0,58,152,247.0,436.0,310.0,113
Principal,2025-10-02,12503.0,12473.0,30.0,56,140,223.27,391.0,264.0,112
Principal,2025-10-03,15284.0,15254.0,30.0,51,131,305.68,347.0,201.0,113
Principal,2025-10-04,24503.0,24463.0,40.0,71,218,350.04,662.0,468.0,163
Principal,2025-10-05,22518.0,22478.0,40.0,75,200,300.24,693.0,520.0,139
Principal,2025-10-06,12413.0,12413.0,0.0,50,126,248.26,347.0,243.0,107
Principal,2025-10-07,16117.0,16117.0,0.0,56,129,287.8,536.0,414.0,116
Principal,2025-10-08,12899.0,12899.0,0.0,52,139,248.06,349.0,219.0,112
Principal,2025-10-09,14549.0,14504.0,45.0,53,116,274.51,343.0,209.0,111
Principal,2025-10-10,12483.0,12483.0,0.0,52,115,240.06,319.0,261.0,107
Principal,2025-10-11,23812.0,23812.0,0.0,79,233,305.28,709.0,501.0,149
Principal,2025-10-12,21869.0,21849.0,20.0,77,223,284.01,700.0,520.0,149
Principal,2025-10-13,14169.0,14139.0,30.0,60,136,236.15,364.0,225.0,124
Principal,2025-10-14,10382.0,10332.0,50.0,40,96,273.21,267.0,163.0,89
Principal,2025-10-15,12765.0,12690.0,75.0,47,121,271.6,352.0,220.0,94
Principal,2025-10-16,14203.0,14203.0,0.0,60,161,236.72,420.0,283.0,113
Principal,2025-10-17,12019.0,12019.0,0.0,40,114,300.48,316.0,204.0,103
Principal,2025-10-18,22036.0,22036.0,0.0,81,236,275.45,703.0,515.0,137
Principal,2025-10-19,20088.0,20038.0,50.0,71,182,282.93,599.0,442.0,127
Principal,2025-10-20,12168.0,12128.0,40.0,50,124,243.36,380.0,256.0,117
Principal,2025-10-21,14311.0,14301.0,10.0,55,136,260.2,427.0,285.0,117
Principal,2025-10-22,13131.0,13106.0,25.0,57,124,230.37,345.0,215.0,105
Principal,2025-10-23,10149.0,10089.0,60.0,48,100,211.44,295.0,209.0,105
Principal,2025-10-24,16838.0,16763.0,75.0,65,166,259.05,439.0,286.0,127
Principal,2025-10-25,17944.0,17934.0,10.0,57,162,314.81,489.0,306.0,137
Principal,2025-10-26,20993.0,20893.0,100.0,64,179,328.02,577.0,396.0,150
Principal,2025-10-27,14298.0,14288.0,10.0,56,154,255.32,390.0,248.0,109
Principal,2025-10-28,17105.0,17105.0,0.0,61,165,280.41,516.0,346.0,120
Principal,2025-10-29,10783.0,10763.0,20.0,51,106,211.43,321.0,214.0,99
Principal,2025-10-30,13932.0,13917.0,15.0,56,131,248.79,375.0,269.0,111
Principal,2025-10-31,13864.0,13779.0,85.0,56,142,247.57,418.0,308.0,123
Principal,2025-11-01,22913.0,22913.0,0.0,84,226,272.77,692.0,504.0,152
Principal,2025-11-02,23331.0,23286.0,45.0,71,232,328.61,635.0,425.0,152
Principal,2025-11-03,12961.0,12921.0,40.0,53,122,244.55,346.0,268.0,104
Principal,2025-11-04,11728.0,11698.0,30.0,51,129,229.96,354.0,240.0,91
Principal,2025-11-05,16556.0,16556.0,0.0,49,153,337.88,446.0,278.0,108
Principal,2025-11-06,15974.0,15974.0,0.0,62,153,257.65,472.0,316.0,123
Principal,2025-11-07,15199.0,15199.0,0.0,67,136,226.85,438.0,310.0,120
Principal,2025-11-08,22762.0,22762.0,0.0,82,228,277.59,748.0,542.0,149
Principal,2025-11-09,19710.0,19630.0,80.0,65,167,303.23,624.0,469.0,130
Principal,2025-11-10,13689.0,13689.0,0.0,53,153,258.28,433.0,308.0,106
Principal,2025-11-11,12173.0,12118.0,55.0,52,112,234.1,332.0,217.0,101
Principal,2025-11-12,9800.0,9800.0,0.0,41,86,239.02,264.0,191.0,98
Principal,2025-11-13,13307.0,13247.0,60.0,55,142,241.95,453.0,365.0,99
Principal,2025-11-14,16720.0,16670.0,50.0,67,166,249.55,460.0,299.0,119
Principal,2025-11-15,24477.0,24477.0,0.0,81,241,302.19,743.0,522.0,150
Principal,2025-11-16,32500.0,32380.0,120.0,88,291,369.32,926.0,642.0,175
Principal,2025-11-17,28389.0,28364.0,25.0,75,254,378.52,760.0,507.0,160
Principal,2025-11-18,14128.0,14118.0,10.0,64,132,220.75,384.0,263.0,105
Principal,2025-11-19,10309.0,10249.0,60.0,47,111,219.34,290.0,189.0,97
Principal,2025-11-20,12837.0,12792.0,45.0,54,130,237.72,344.0,209.0,97
Principal,2025-11-21,12346.0,12261.0,85.0,55,140,224.47,397.0,292.0,113
Principal,2025-11-22,24162.0,24062.0,100.0,76,212,317.92,600.0,375.0,147
Principal,2025-11-23,23255.0,23255.0,0.0,76,226,305.99,677.0,473.0,154
Principal,2025-11-24,14793.0,14613.0,180.0,66,166,227.58,471.0,328.0,123
Principal,2025-11-25,13952.0,13792.0,160.0,53,136,268.31,404.0,259.0,103
Principal,2025-11-26,13596.0,13541.0,55.0,58,121,238.53,399.0,273.0,106
Principal,2025-11-27,13359.0,13319.0,40.0,58,140,230.33,379.0,251.0,114
Principal,2025-11-28,16023.0,15973.0,50.0,64,163,250.36,474.0,338.0,134
Principal,2025-11-29,23324.0,23289.0,35.0,72,213,323.94,712.0,512.0,136
Principal,2025-11-30,24802.0,24662.0,140.0,77,231,322.1,768.0,563.0,168
Principal,2025-12-01,14156.0,14061.0,95.0,59,144,239.93,400.0,270.0,121
Principal,2025-12-02,14883.0,14813.0,70.0,58,148,256.6,460.0,312.0,105
Principal,2025-12-03,12547.0,12462.0,85.0,44,124,285.16,297.0,179.0,96
Principal,2025-12-04,17299.0,17129.0,170.0,66,197,266.14,482.0,324.0,127
Principal,2025-12-05,19939.0,19869.0,70.0,68,215,293.22,565.0,367.0,134
Principal,2025-12-06,22505.0,22505.0,0.0,81,241,277.84,682.0,483.0,133
Principal,2025-12-07,34331.0,34246.0,85.0,86,343,403.89,896.0,565.0,193
Principal,2025-12-08,12539.0,12469.0,70.0,57,154,219.98,417.0,312.0,115
Principal,2025-12-09,15066.0,14996.0,70.0,53,161,284.26,405.0,258.0,125
Principal,2025-12-10,13169.0,13009.0,160.0,57,141,231.04,367.0,247.0,106
Principal,2025-12-11,14903.0,14778.0,125.0,61,170,244.31,407.0,259.0,118
Principal,2025-12-12,13275.0,13215.0,60.0,54,163,245.83,429.0,301.0,110
Principal,2025-12-13,30023.0,29983.0,40.0,86,329,353.21,952.0,713.0,154
Principal,2025-12-14,26278.0,26163.0,115.0,84,273,312.83,726.0,458.0,178
Principal,2025-12-15,24035.0,23990.0,45.0,84,251,286.13,669.0,434.0,163
Principal,2025-12-16,15055.0,15035.0,20.0,60,172,250.92,426.0,286.0,119
Principal,2025-12-17,15152.0,15117.0,35.0,62,172,244.39,439.0,295.0,112
Principal,2025-12-18,17157.0,16982.0,175.0,72,185,238.29,530.0,387.0,125
Principal,2025-12-19,18354.0,18354.0,0.0,59,222,311.08,606.0,455.0,126
Principal,2025-12-20,26680.0,26640.0,40.0,85,292,313.88,791.0,554.0,169
Principal,2025-12-21,33018.0,33018.0,0.0,93,330,355.03,933.0,634.0,168
Principal,2025-12-22,17320.0,17270.0,50.0,54,189,320.74,548.0,379.0,138
Principal,2025-12-23,26715.0,26715.0,0.0,79,281,338.16,793.0,565.0,150
Principal,2025-12-24,26517.0,26492.0,25.0,82,301,323.38,774.0,536.0,144
Principal,2025-12-26,18379.0,18379.0,0.0,56,198,328.2,548.0,394.0,123
Principal,2025-12-27,23161.0,23081.0,80.0,73,246,317.27,679.0,453.0,154
Principal,2025-12-28,18850.0,18835.0,15.0,66,205,285.61,575.0,405.0,133
Principal,2025-12-29,17935.0,17935.0,0.0,56,186,320.27,453.0,271.0,131
Principal,2025-12-30,22965.0,22965.0,0.0,71,240,323.45,666.0,426.0,127
Principal,2025-12-31,26618.0,26618.0,0.0,75,285,354.91,721.0,469.0,153
Principal,2026-01-02,22826.0,22801.0,25.0,79,251,288.94,638.0,421.0,154
Principal,2026-01-03,28063.0,28063.0,0.0,87,313,322.56,903.0,651.0,173
Principal,2026-01-04,28434.0,28369.0,65.0,92,293,309.07,837.0,588.0,168
Principal,2026-01-05,17365.0,17345.0,20.0,66,190,267.15,482.0,327.0,121
Principal,2026-01-06,12245.0,12245.0,0.0,52,146,235.48,359.0,225.0,108
Principal,2026-01-07,13343.0,13283.0,60.0,57,160,234.09,446.0,310.0,101
Principal,2026-01-08,16907.0,16837.0,70.0,64,190,264.17,485.0,335.0,115
Principal,2026-01-09,18259.0,18219.0,40.0,76,211,240.25,551.0,390.0,124
Principal,2026-01-10,25041.0,25016.0,25.0,92,286,275.18,779.0,554.0,165
Principal,2026-01-11,24824.0,24804.0,20.0,78,263,318.26,724.0,523.0,153
Principal,2026-01-12,12267.0,12267.0,0.0,45,130,272.6,306.0,202.0,96
Principal,2026-01-13,13201.0,13181.0,20.0,50,149,264.02,358.0,222.0,101
Principal,2026-01-14,12700.0,12660.0,40.0,54,147,235.19,364.0,237.0,102
Principal,2026-01-15,13708.0,13648.0,60.0,57,154,240.49,392.0,250.0,114
Principal,2026-01-16,14935.0,14895.0,40.0,62,169,240.89,439.0,301.0,114
Principal,2026-01-17,20273.0,20203.0,70.0,71,235,285.54,610.0,443.0,149
Principal,2026-01-18,23246.0,23156.0,90.0,69,245,336.9,637.0,424.0,168
Principal,2026-01-19,11248.0,11228.0,20.0,50,147,229.55,378.0,281.0,106
Principal,2026-01-20,14413.0,14413.0,0.0,59,163,252.86,413.0,267.0,122
Principal,2026-01-21,11302.0,11282.0,20.0,41,121,275.66,333.0,225.0,108
Principal,2026-01-22,14163.0,14143.0,20.0,52,151,272.37,395.0,236.0,108
Principal,2026-01-23,12078.0,12038.0,40.0,45,115,268.4,309.0,191.0,93
Principal,2026-01-24,20721.0,20721.0,0.0,56,223,370.02,561.0,357.0,134
Principal,2026-01-25,22518.0,22518.0,0.0,66,232,341.18,559.0,344.0,163
Principal,2026-01-26,7258.0,7258.0,0.0,34,89,213.47,230.0,179.0,66
Principal,2026-01-27,11631.0,11631.0,0.0,44,130,264.34,333.0,219.0,94
Principal,2026-01-28,13068.0,13033.0,35.0,46,142,290.4,350.0,224.0,96
Principal,2026-01-29,15156.0,15076.0,80.0,59,175,256.88,426.0,261.0,118
Principal,2026-01-30,18206.0,18166.0,40.0,70,186,260.09,514.0,394.0,120
Principal,2026-01-31,21857.0,21772.0,85.0,67,217,326.22,508.0,325.0,147
Principal,2026-02-01,22307.0,22272.0,35.0,67,211,332.94,624.0,467.0,140
Principal,2026-02-02,22711.0,22691.0,20.0,62,222,366.31,540.0,337.0,166
Principal,2026-02-03,9340.0,9340.0,0.0,37,100,252.43,252.0,165.0,71
Principal,2026-02-04,11303.0,11253.0,50.0,45,121,251.18,298.0,197.0,95
Principal,2026-02-05,14105.0,14105.0,0.0,49,146,287.86,372.0,243.0,102
Principal,2026-02-06,14581.0,14581.0,0.0,55,162,270.02,397.0,289.0,124
Principal,2026-02-07,18963.0,18838.0,125.0,68,202,278.87,530.0,375.0,124
Principal,2026-02-08,29009.0,28984.0,25.0,78,272,371.91,742.0,499.0,159
Principal,2026-02-09,17134.0,17114.0,20.0,59,172,290.41,419.0,296.0,121
Principal,2026-02-10,12817.0,12752.0,65.0,58,139,224.86,366.0,268.0,95
Principal,2026-02-11,11566.0,11516.0,50.0,42,113,275.38,295.0,196.0,88
Principal,2026-02-12,14165.0,14130.0,35.0,45,133,314.78,319.0,193.0,97
Principal,2026-02-13,16987.0,16872.0,115.0,57,173,298.02,463.0,316.0,118
Principal,2026-02-14,28941.0,28876.0,65.0,81,277,357.3,702.0,482.0,163
Principal,2026-02-15,29059.0,29059.0,0.0,82,283,354.38,829.0,608.0,168
Principal,2026-02-16,9440.0,9440.0,0.0,38,96,248.42,193.0,109.0,82
Principal,2026-02-17,13904.0,13844.0,60.0,54,146,257.48,318.0,204.0,103
Principal,2026-02-18,14668.0,14643.0,25.0,48,150,305.58,361.0,224.0,106
Principal,2026-02-19,15123.0,15123.0,0.0,56,153,270.05,383.0,239.0,112
Principal,2026-02-20,18359.0,18289.0,70.0,74,190,248.09,521.0,378.0,122
Principal,2026-02-21,20425.0,20390.0,35.0,65,217,314.23,563.0,382.0,149
Principal,2026-02-22,28493.0,28453.0,40.0,77,264,370.04,689.0,480.0,160
Principal,2026-02-23,15857.0,15792.0,65.0,54,167,293.65,422.0,282.0,120
Principal,2026-02-24,14679.0,14654.0,25.0,54,155,271.83,362.0,217.0,112
Principal,2026-02-25,11124.0,11034.0,90.0,42,112,271.32,302.0,212.0,98
Principal,2026-02-26,12866.0,12866.0,0.0,45,129,285.91,336.0,219.0,107
Principal,2026-02-27,16063.0,16038.0,25.0,62,170,259.08,452.0,324.0,129
Principal,2026-02-28,28667.0,28667.0,0.0,83,274,345.39,734.0,478.0,157
Principal,2026-03-01,34932.0,34812.0,120.0,90,303,388.13,751.0,417.0,193
Principal,2026-03-02,14025.0,13925.0,100.0,56,150,250.45,348.0,236.0,102
Principal,2026-03-03,13912.0,13872.0,40.0,47,144,296.0,351.0,223.0,108
Principal,2026-03-04,15217.0,15217.0,0.0,47,146,323.77,348.0,201.0,112
Principal,2026-03-05,15840.0,15790.0,50.0,52,150,304.62,395.0,246.0,113
Principal,2026-03-06,19116.0,19051.0,65.0,61,190,313.38,419.0,250.0,137
Principal,2026-03-07,26401.0,26331.0,70.0,85,278,310.6,684.0,468.0,153
Principal,2026-03-08,29271.0,29176.0,95.0,96,315,304.91,790.0,569.0,162
Principal,2026-03-09,18429.0,18389.0,40.0,70,205,263.27,477.0,315.0,128
Principal,2026-03-10,10290.0,10290.0,0.0,43,120,239.3,263.0,166.0,88
Principal,2026-03-11,15652.0,15652.0,0.0,50,142,313.04,356.0,199.0,119
Principal,2026-03-12,15920.0,15895.0,25.0,49,153,324.9,402.0,271.0,119
Principal,2026-03-13,15241.0,15166.0,75.0,60,162,262.78,372.0,239.0,111
Principal,2026-03-14,24360.0,24360.0,0.0,64,239,380.62,626.0,419.0,149
Principal,2026-03-15,25378.0,25338.0,40.0,70,251,367.8,626.0,431.0,156
Principal,2026-03-16,20562.0,20492.0,70.0,67,210,306.9,573.0,424.0,139
Principal,2026-03-17,14484.0,14484.0,0.0,58,145,249.72,369.0,231.0,113
Principal,2026-03-18,10134.0,10099.0,35.0,37,104,273.89,261.0,177.0,86
Principal,2026-03-19,16287.0,16287.0,0.0,60,172,271.45,425.0,275.0,112
Principal,2026-03-20,13101.0,13041.0,60.0,53,144,247.19,392.0,291.0,89
Principal,2026-03-21,27600.0,27585.0,15.0,81,272,340.74,668.0,449.0,170
Principal,2026-03-22,25896.0,25761.0,135.0,76,276,340.74,657.0,423.0,175
Principal,2026-03-23,11548.0,11498.0,50.0,38,105,303.89,266.0,176.0,101
Principal,2026-03-24,15674.0,15654.0,20.0,48,153,326.54,335.0,189.0,111
Principal,2026-03-25,12005.0,11980.0,25.0,41,115,292.8,264.0,149.0,101
Principal,2026-03-26,13327.0,13237.0,90.0,43,131,309.93,361.0,245.0,100
Principal,2026-03-27,20918.0,20898.0,20.0,68,215,307.62,551.0,365.0,145
Principal,2026-03-28,24795.0,24755.0,40.0,84,254,295.18,653.0,460.0,154
Principal,2026-03-29,25400.0,25335.0,65.0,81,257,313.58,641.0,429.0,160
Principal,2026-03-30,17040.0,16980.0,60.0,59,171,288.81,427.0,279.0,119
Principal,2026-03-31,16269.0,16209.0,60.0,49,151,332.02,385.0,265.0,99
Principal,2026-04-01,18506.0,18496.0,10.0,53,189,349.17,483.0,321.0,125
Principal,2026-04-02,17465.0,17445.0,20.0,58,174,301.12,430.0,272.0,137
Principal,2026-04-03,33506.0,33506.0,0.0,84,327,403.69,850.0,565.0,169
Principal,2026-04-04,30590.0,30590.0,0.0,66,290,463.48,733.0,461.0,172
Principal,2026-04-05,31880.0,31880.0,0.0,79,305,408.72,846.0,575.0,173
Principal,2026-04-06,21409.0,21344.0,65.0,69,211,310.28,545.0,349.0,128
Principal,2026-04-07,20730.0,20680.0,50.0,66,207,314.09,541.0,354.0,131
Principal,2026-04-08,15992.0,15992.0,0.0,52,166,307.54,406.0,275.0,115
Principal,2026-04-09,19955.0,19955.0,0.0,49,195,415.73,522.0,332.0,125
Principal,2026-04-10,15370.0,15345.0,25.0,52,169,301.37,464.0,335.0,118
Principal,2026-04-11,24185.0,24160.0,25.0,75,254,326.82,664.0,444.0,148
Principal,2026-04-12,22978.0,22928.0,50.0,73,235,314.77,538.0,333.0,137
Principal,2026-04-13,14394.0,14394.0,0.0,53,153,271.58,370.0,233.0,111
Principal,2026-04-14,12418.0,12418.0,0.0,44,125,282.23,325.0,216.0,92
Principal,2026-04-15,11232.0,11207.0,25.0,40,109,280.8,271.0,163.0,97
Principal,2026-04-16,18006.0,17926.0,80.0,62,175,290.42,477.0,313.0,128
Principal,2026-04-17,17687.0,17612.0,75.0,58,174,304.95,454.0,311.0,132
Principal,2026-04-18,23906.0,23881.0,25.0,76,245,314.55,641.0,425.0,148
Principal,2026-04-19,31818.0,31818.0,0.0,91,334,349.65,900.0,638.0,161
Principal,2026-04-20,14846.0,14796.0,50.0,50,148,296.92,444.0,320.0,100
Principal,2026-04-21,13191.0,13191.0,0.0,49,140,269.2,314.0,203.0,88
Principal,2026-04-22,17072.0,17032.0,40.0,59,176,289.36,416.0,281.0,121
Principal,2026-04-23,14040.0,14015.0,25.0,54,157,260.0,371.0,240.0,105
Principal,2026-04-24,17830.0,17830.0,0.0,74,199,240.95,512.0,372.0,123
Principal,2026-04-25,26853.0,26783.0,70.0,85,281,315.92,747.0,523.0,169
Principal,2026-04-26,33728.0,33643.0,85.0,99,320,340.69,835.0,564.0,170
Principal,2026-04-27,12795.0,12770.0,25.0,52,147,255.9,319.0,202.0,109
Principal,2026-04-28,13980.0,13980.0,0.0,50,138,279.6,312.0,186.0,101
Principal,2026-04-29,13838.0,13813.0,25.0,51,145,271.33,373.0,255.0,107
Principal,2026-04-30,23481.0,23441.0,40.0,77,229,308.96,556.0,372.0,150
Principal,2026-05-01,28351.0,28326.0,25.0,78,288,363.47,726.0,454.0,158
Principal,2026-05-02,26423.0,26398.0,25.0,72,246,366.99,593.0,350.0,163
Principal,2026-05-03,29046.0,28936.0,110.0,83,292,354.22,769.0,529.0,165
Principal,2026-05-04,19817.0,19817.0,0.0,70,220,283.1,517.0,339.0,138
Principal,2026-05-05,14329.0,14329.0,0.0,48,143,298.52,387.0,261.0,99
Principal,2026-05-06,18382.0,18382.0,0.0,59,184,311.56,442.0,280.0,121
Principal,2026-05-07,13508.0,13508.0,0.0,50,137,275.67,333.0,216.0,104
Principal,2026-05-08,16554.0,16489.0,65.0,58,170,290.42,419.0,262.0,123
Principal,2026-05-09,25728.0,25703.0,25.0,71,252,362.37,687.0,461.0,159
Principal,2026-05-10,31291.0,31291.0,0.0,80,309,391.14,839.0,585.0,175
Principal,2026-05-11,11013.0,10988.0,25.0,42,131,262.21,341.0,254.0,81
Principal,2026-05-12,9397.0,9327.0,70.0,33,98,284.76,247.0,156.0,71
Principal,2026-05-13,14385.0,14385.0,0.0,58,163,256.88,354.0,219.0,103
Principal,2026-05-14,14152.0,14132.0,20.0,55,157,257.31,396.0,281.0,96
Principal,2026-05-15,21431.0,21321.0,110.0,66,218,324.71,602.0,433.0,148
Principal,2026-05-16,22478.0,22428.0,50.0,68,241,330.56,622.0,461.0,141
Principal,2026-05-17,35700.0,35650.0,50.0,93,340,383.87,933.0,645.0,182
Principal,2026-05-18,14431.0,14431.0,0.0,54,156,272.28,357.0,217.0,122
Principal,2026-05-19,13174.0,13124.0,50.0,44,127,299.41,326.0,214.0,92
Principal,2026-05-20,14626.0,14626.0,0.0,44,150,332.41,390.0,251.0,110
Principal,2026-05-21,18253.0,18253.0,0.0,55,184,338.02,442.0,264.0,125
Principal,2026-05-22,21166.0,21076.0,90.0,78,229,271.36,588.0,421.0,135
Principal,2026-05-23,24853.0,24853.0,0.0,78,249,322.77,649.0,451.0,158
Principal,2026-05-24,31357.0,31327.0,30.0,84,299,373.3,792.0,495.0,179
Principal,2026-05-25,19984.0,19934.0,50.0,64,194,317.21,464.0,283.0,136
Principal,2026-05-26,12516.0,12516.0,0.0,39,129,329.37,275.0,149.0,91
Principal,2026-05-27,15430.0,15390.0,40.0,52,141,296.73,398.0,255.0,104
Principal,2026-05-28,16820.0,16790.0,30.0,55,156,305.82,387.0,228.0,103
Principal,2026-05-29,23441.0,23336.0,105.0,80,238,293.01,604.0,417.0,140
Principal,2026-05-30,27004.0,26964.0,40.0,80,283,337.55,798.0,584.0,144
Principal,2026-05-31,36008.0,35933.0,75.0,92,352,391.39,891.0,576.0,193
Principal,2026-06-01,19889.0,19839.0,50.0,75,210,265.19,491.0,326.0,129
Principal,2026-06-02,19223.0,19223.0,0.0,68,191,282.69,482.0,291.0,131
Principal,2026-06-03,14364.0,14244.0,120.0,54,150,266.0,367.0,240.0,107
Principal,2026-06-04,17592.0,17592.0,0.0,67,183,262.57,470.0,315.0,126
Principal,2026-06-05,15288.0,15208.0,80.0,58,160,263.59,421.0,304.0,122
Principal,2026-06-06,24846.0,24846.0,0.0,71,244,349.94,604.0,402.0,155
Principal,2026-06-07,29798.0,29748.0,50.0,83,291,359.01,742.0,489.0,171
Principal,2026-06-08,18131.0,18131.0,0.0,68,194,266.63,458.0,304.0,119
Principal,2026-06-09,16031.0,15906.0,125.0,64,175,250.48,413.0,270.0,125
Principal,2026-06-10,12740.0,12710.0,30.0,50,137,254.8,316.0,220.0,101
Principal,2026-06-11,14678.0,14573.0,105.0,57,156,257.51,361.0,264.0,118
Principal,2026-06-12,18676.0,18636.0,40.0,71,198,263.04,508.0,350.0,131
Principal,2026-06-13,24897.0,24802.0,95.0,85,250,292.91,662.0,480.0,145
Principal,2026-06-14,28879.0,28809.0,70.0,87,290,331.94,842.0,626.0,168
Principal,2026-06-15,16811.0,16736.0,75.0,60,179,280.18,465.0,296.0,116
Principal,2026-06-16,19193.0,19093.0,100.0,60,204,325.31,488.0,313.0,133
Principal,2026-06-17,15448.0,15398.0,50.0,55,154,280.87,356.0,216.0,112
Principal,2026-06-18,18225.0,18190.0,35.0,59,175,308.9,410.0,236.0,139
Principal,2026-06-19,20020.0,20020.0,0.0,71,211,286.0,529.0,343.0,128
Principal,2026-06-20,28286.0,28241.0,45.0,80,266,353.57,701.0,479.0,155
Principal,2026-06-21,37048.0,37013.0,35.0,98,355,381.94,882.0,563.0,189
Principal,2026-06-22,22771.0,22616.0,155.0,64,220,361.44,543.0,357.0,142
Principal,2026-06-23,14589.0,14589.0,0.0,51,157,291.78,391.0,260.0,123
Principal,2026-06-24,19470.0,19470.0,0.0,62,196,314.03,487.0,330.0,131
Principal,2026-06-25,18279.0,18279.0,0.0,65,190,281.22,490.0,345.0,126
Principal,2026-06-26,20990.0,20870.0,120.0,71,216,295.63,561.0,379.0,134
Principal,2026-06-27,34885.0,34770.0,115.0,95,344,367.21,910.0,611.0,180
Principal,2026-06-28,28246.0,28196.0,50.0,80,278,353.07,734.0,499.0,157
Principal,2026-06-29,14954.0,14954.0,0.0,56,167,267.04,403.0,260.0,118
Principal,2026-06-30,24524.0,24524.0,0.0,83,258,295.47,635.0,397.0,150
Principal,2026-07-01,19174.0,19139.0,35.0,66,195,294.98,440.0,263.0,130
Principal,2026-07-02,23896.0,23856.0,40.0,74,242,322.92,576.0,355.0,137
Principal,2026-07-03,19953.0,19808.0,145.0,71,216,281.03,530.0,378.0,139
Principal,2026-07-04,24406.0,24406.0,0.0,84,268,290.55,715.0,509.0,147
Principal,2026-07-05,29837.0,29837.0,0.0,87,286,342.95,722.0,462.0,167
Principal,2026-07-06,20503.0,20503.0,0.0,64,214,325.44,532.0,348.0,133
Principal,2026-07-07,21961.0,21921.0,40.0,69,210,322.96,548.0,336.0,129
Principal,2026-07-08,15191.0,15131.0,60.0,51,169,310.02,450.0,317.0,130
Principal,2026-07-09,13879.0,13879.0,0.0,49,125,283.24,351.0,245.0,105
Principal,2026-07-10,20754.8,20704.8,50.0,63,193,329.44,510.0,312.0,143
Principal,2026-07-11,21209.75,21209.75,0.0,67,211,316.56,547.0,387.0,134
Principal,2026-07-12,32136.0,32046.0,90.0,90,328,361.08,900.0,641.0,177
Principal,2026-07-13,13990.0,13960.0,30.0,44,135,317.95,369.0,243.0,99
Principal,2026-07-14,15165.0,15165.0,0.0,47,132,322.66,409.0,282.0,105
Principal,2026-07-15,17945.3,17865.3,80.0,67,169,276.08,448.0,298.0,130
Principal,2026-07-16,17108.0,17108.0,0.0,52,162,329.0,494.0,345.0,117
Principal,2026-07-17,21883.0,21813.0,70.0,67,212,331.56,532.0,345.0,154
Principal,2026-07-18,28641.0,28611.0,30.0,81,262,353.59,687.0,440.0,166
Principal,2026-07-19,25750.0,25645.0,105.0,72,238,357.64,671.0,438.0,160
Principal,2026-07-20,13366.0,13271.0,95.0,47,128,284.38,319.0,214.0,101
Principal,2026-07-21,20432.0,20357.0,75.0,63,209,324.32,455.0,250.0,141
Principal,2026-07-22,17347.0,17277.0,70.0,60,180,289.12,498.0,347.0,140
Principal,2026-07-23,19050.0,19020.0,30.0,64,178,297.66,486.0,319.0,137
Principal,2026-07-24,21054.0,21054.0,0.0,61,193,345.15,509.0,321.0,139
Principal,2026-07-25,30605.0,30565.0,40.0,83,285,377.84,803.0,546.0,168
Principal,2026-07-26,32054.0,31974.0,80.0,78,270,416.29,782.0,520.0,173
Principal,2026-07-27,15178.0,15138.0,40.0,57,164,266.28,445.0,303.0,120
Principal,2026-07-28,22479.0,22364.0,115.0,74,238,303.77,573.0,379.0,131
Principal,2026-07-29,22215.0,22215.0,0.0,62,196,358.31,591.0,397.0,137
Principal,2026-07-30,19688.0,19568.0,120.0,58,197,339.45,510.0,318.0,131
Principal,2026-07-31,20278.0,20278.0,0.0,72,210,281.64,541.0,371.0,140
Principal,2026-08-01,28406.0,28391.0,15.0,79,259,359.57,690.0,445.0,181
Principal,2026-08-02,29105.0,29075.0,30.0,77,269,377.99,793.0,524.0,171
Principal,2026-08-03,22642.0,22572.0,70.0,61,210,371.18,539.0,339.0,152
Principal,2026-08-04,16971.0,16931.0,40.0,62,166,273.73,445.0,297.0,127
Principal,2026-08-05,14732.0,14692.0,40.0,46,148,320.26,336.0,201.0,118
Principal,2026-08-06,13342.0,13302.0,40.0,51,142,261.61,369.0,255.0,114
Principal,2026-08-07,20905.0,20905.0,0.0,66,203,316.74,546.0,360.0,144
Principal,2026-08-08,26980.0,26950.0,30.0,75,264,359.73,677.0,467.0,149
Principal,2026-08-09,33652.0,33452.0,200.0,91,311,369.8,786.0,505.0,192
Principal,2026-08-10,22896.0,22736.0,160.0,65,211,352.25,568.0,353.0,153
Principal,2026-08-11,15564.0,15464.0,100.0,53,175,293.66,451.0,319.0,110
Principal,2026-08-12,23400.0,23400.0,0.0,68,219,344.12,552.0,353.0,141
Principal,2026-08-13,15561.0,15496.0,65.0,56,166,277.88,422.0,294.0,138
Principal,2026-08-14,15326.0,15326.0,0.0,56,159,278.65,423.0,312.0,115
Principal,2026-08-15,27356.0,27326.0,30.0,78,233,350.72,638.0,395.0,179
Principal,2026-08-16,40006.0,39856.0,150.0,102,362,392.22,975.0,645.0,205
Principal,2026-08-17,16004.0,16004.0,0.0,58,177,275.93,453.0,304.0,116
Principal,2026-08-18,17676.0,17606.0,70.0,58,157,304.76,486.0,355.0,121
Principal,2026-08-19,16455.0,16455.0,0.0,53,160,310.47,398.0,283.0,113
Principal,2026-08-20,13931.0,13901.0,30.0,48,129,290.23,359.0,232.0,101
Principal,2026-08-21,18550.0,18480.0,70.0,61,186,304.1,514.0,382.0,122
Principal,2026-08-22,30325.0,30255.0,70.0,78,277,388.78,763.0,493.0,181
Principal,2026-08-23,31884.0,31734.0,150.0,83,285,384.14,783.0,525.0,195
Principal,2026-08-24,18282.0,18282.0,0.0,56,167,326.46,496.0,317.0,135
Principal,2026-08-25,15224.0,15194.0,30.0,57,153,267.09,361.0,220.0,125
Principal,2026-08-26,20482.0,20482.0,0.0,64,196,320.03,464.0,281.0,142
Principal,2026-08-27,14260.0,14260.0,0.0,52,132,274.23,375.0,243.0,111
Principal,2026-08-28,19205.0,19205.0,0.0,61,193,320.08,512.0,343.0,132
Principal,2026-08-29,30128.0,30128.0,0.0,85,305,354.45,846.0,609.0,171
Principal,2026-08-30,35005.0,34715.0,290.0,88,316,397.78,897.0,606.0,202
Principal,2026-08-31,14738.0,14738.0,0.0,57,150,258.56,361.0,235.0,123
Principal,2026-09-01,14104.0,14104.0,0.0,52,139,271.23,366.0,235.0,107
Principal,2026-09-02,15974.0,15974.0,0.0,59,145,270.75,366.0,215.0,106
Principal,2026-09-03,16466.0,16466.0,0.0,52,157,316.65,334.0,178.0,127
Principal,2026-09-04,15526.0,15526.0,0.0,55,158,282.29,385.0,256.0,130
Principal,2026-09-05,28690.0,28527.0,163.0,80,275,358.62,712.0,460.0,173
