modificador_original,valor_normalizado,tipo,activo,nota
Deshebrada,Deshebrada,GUISADO,true,
Chicharrón,Chicharrón,GUISADO,true,
Huevo Verde,Huevo Verde,GUISADO,true,
Cochinita,Cochinita,GUISADO,true,
Huevo Rojo,Huevo Rojo,GUISADO,true,
Molida,Molida,GUISADO,true,
Papa con Chorizo,Papa con Chorizo,GUISADO,true,
Bistec (1 pza.),Bistec (1 pza.),EXTRA,true,
Asado,Asado,GUISADO,true,
Huevo Cascabel,Huevo Cascabel,GUISADO,true,
Sin Crema,Sin Crema,PETICION,true,
Huevo con Chorizo,Huevo con Chorizo,GUISADO,true,
Bistec con Papas,Bistec con Papas,GUISADO,true,
Frijoles con Queso,Frijoles con Queso,GUISADO,true,
Papa con Huevo,Papa con Huevo,GUISADO,true,
Barbacoa,Barbacoa,GUISADO,true,
Pollo con Mole,Pollo con Mole,GUISADO,true,
Huevo Revuelto (2 pzas.),Huevo Revuelto (2 pzas.),EXTRA,true,
Queso,Queso,AMBIGUO,true,
Frijoles,Frijoles,AMBIGUO,true,
Requeson,Requeson,GUISADO,true,
Requesón Picosito,Requesón Picosito,GUISADO,true,
Papa,Papa,GUISADO,true,
Huevo con Nopal,Huevo con Nopal,GUISADO,true,
Coca Cola,Coca Cola,VARIANTE,true,
Nopal,Nopal,GUISADO,true,
Sin Tomate,Sin Tomate,PETICION,true,
Sin Lechuga,Sin Lechuga,PETICION,true,
Huevo Estrellado Cocido (2 pzas.),Huevo Estrellado Cocido (2 pzas.),EXTRA,true,
Huevo Estrellado Medio (2 pzas.),Huevo Estrellado Medio (2 pzas.),EXTRA,true,
Sin Aguacate,Sin Aguacate,PETICION,true,
Relleno de Guisados,Relleno de Guisados,EXTRA,true,
Huevo Revuelto (p/relleno),Huevo Revuelto (p/relleno),EXTRA,true,
Huevo Estrellado Tierno (2 pzas.),Huevo Estrellado Tierno (2 pzas.),EXTRA,true,
Coca Sin Azúcar,Coca Cola Sin Azúcar,VARIANTE,true,
Sin Verduras,Sin Verduras,PETICION,true,
Coca Light,Coca Light,VARIANTE,true,
Salsa para Encremadas,Salsa para Encremadas,COMPOSICION,true,
Salsa para Entomatadas,Salsa para Entomatadas,COMPOSICION,true,
15,15,CANT_SURTIDO,true,
Sin Frijoles,Sin Frijoles,PETICION,true,
Poca Lechuga,Poca Lechuga,PETICION,true,
Delaware,Delaware,VARIANTE,true,
Salsa para Enchiladas Rojas,Salsa para Enchiladas Rojas,COMPOSICION,true,
Doradito,Doradita,PETICION,true,
20,20,CANT_SURTIDO,true,
Normal,Normal,VARIANTE,true,
Salsa para Enchiladas Picosas,Salsa para Enchiladas Picosas,COMPOSICION,true,
Escuis Manzana,Escuis Manzana,VARIANTE,true,
Escurrido,Escurrida,PETICION,true,
Mantequilla,Mantequilla,VARIANTE,true,
Valle Frut,Valle Frut,VARIANTE,true,
Escurrida,Escurrida,PETICION,true,
Salsa para Enmoladas,Salsa para Enmoladas,COMPOSICION,true,
Sin Queso,Sin Queso,PETICION,true,
Escuis Piña,Escuis Piña,VARIANTE,true,
25,25,CANT_SURTIDO,true,
Escuis Fresa,Escuis Fresa,VARIANTE,true,
35,35,CANT_SURTIDO,true,
Escuis Hierro,Escuis Hierro,VARIANTE,true,
5,5,CANT_SURTIDO,true,
40,40,CANT_SURTIDO,true,
Doradita,Doradita,PETICION,true,
4,4,CANT_SURTIDO,true,
30,30,CANT_SURTIDO,true,
Fanta,Fanta,VARIANTE,true,
Crema,Crema,VARIANTE,true,
Naturales,Naturales,VARIANTE,true,
Sprite,Sprite,VARIANTE,true,
Pieza Tortilla de Maíz,Pieza Tortilla de Maíz,EXTRA,true,
6,6,CANT_SURTIDO,true,
Verdura Aparte,Verdura Aparte,PETICION,true,
Fresca,Fresca,VARIANTE,true,
10,10,CANT_SURTIDO,true,
Lechera,Lechera,VARIANTE,true,
Huevo Estrellado (2 pzas.),Huevo Estrellado Medio (2 pzas.),EXTRA,true,
Coca Cola Sin Azúcar,Coca Cola Sin Azúcar,VARIANTE,true,
Salsa para Enfrijoladas,Salsa para Enfrijoladas,COMPOSICION,true,
45,45,CANT_SURTIDO,true,
En dos platos,En dos platos,PETICION,true,
Poca leche,Poca leche,VARIANTE,true,
Pan Chico Pieza,Pan Chico Pieza,VARIANTE,true,
Migada Delgada,Migada Delgada,VARIANTE,true,
Frijoles Aparte,Frijoles Aparte,PETICION,true,
50,50,CANT_SURTIDO,true,
Migada Chica,Migada Delgada,VARIANTE,true,
Queso Extra Pieza,Queso Extra Pieza,EXTRA,true,
3,3,CANT_SURTIDO,true,
Bocol delgado,Bocol delgado,VARIANTE,true,
Lechero,Lechero,VARIANTE,true,
Natural,Natural,VARIANTE,true,
Doble Guiso,Doble Guiso,EXTRA,true,
Poco Frijol,Poco Frijol,PETICION,true,
Huevo Estrellado Ciego (2 pzas.),Huevo Estrellado Ciego (2 pzas.),EXTRA,true,
Leche Aparte,Leche Aparte,VARIANTE,true,
8,8,CANT_SURTIDO,true,
Medio,Medio,VARIANTE,true,
2,2,CANT_SURTIDO,true,
Diluido con Agua,Diluido con Agua,VARIANTE,true,
Poco Guiso,Poco Guiso,PETICION,true,
Cocido,Cocido,VARIANTE,true,
Tierno,Tierno,VARIANTE,true,
Pieza Tortilla de Harina,Pieza Tortilla de Harina,EXTRA,true,
7,7,CANT_SURTIDO,true,
Mermelada de Fresa,Mermelada de Fresa,VARIANTE,true,
Ciego,Ciego,VARIANTE,true,
Chorizo Extra Pieza,Chorizo Extra Pieza,EXTRA,true,
Pan Grande Pieza,Pan Grande Pieza,VARIANTE,true,Tamaño de Pieza de Pan; siempre único modificador
Chorizo,Chorizo,EXTRA,true,Siempre en 2a posición tras un guiso; con costo
Mermelada de Zarzamora,Mermelada de Zarzamora,VARIANTE,true,"Acompañamiento de Bisquet, sin costo"
