periodo,guisado,unidades_atribuidas,unidades_presencia,renglones
2025-09,Barbacoa,506.58333333333333333332,523.00,89
2026-09,Papa con Huevo,26.41666666666666666667,29.00,16
2026-04,Papa con Chorizo,336.58333333333333333332,354.00,120
2025-04,Requeson,166.33333333333333333333,172.00,69
2024-07,Papa con Chorizo,502.75000000000000000000,530.00,160
2025-01,Frijoles con Queso,602.16666666666666666666,625.00,120
2023-09,Requeson,122.25000000000000000000,128.00,64
2026-03,Requesón Picosito,206.28333333333333333332,214.00,89
2024-10,Huevo Verde,1156.58333333333333333329,1206.00,229
2023-12,Papa con Huevo,292.50000000000000000000,298.00,107
2025-01,Asado,368.74999999999999999997,391.00,129
2026-04,Cochinita,710.53333333333333333331,750.00,200
2023-10,Frijoles,48.00000000000000000000,48.00,20
2026-01,Papa con Chorizo,374.24999999999999999998,397.00,126
2023-09,Papa con Chorizo,343.33333333333333333333,363.00,123
2024-01,Huevo Cascabel,453.03333333333333333332,469.00,126
2025-04,Papa,255.66666666666666666666,264.00,70
2023-09,Papa,154.83333333333333333333,164.00,59
2023-10,Cochinita,602.16666666666666666666,622.00,151
2023-11,Asado,254.74999999999999999999,266.00,107
2026-02,Huevo Rojo,635.99999999999999999997,664.00,154
2026-05,Huevo Rojo,763.91666666666666666665,788.00,165
2025-07,Requeson,155.91666666666666666666,163.00,63
2025-11,Papa con Huevo,256.49999999999999999999,263.00,94
2025-04,Queso,107.00000000000000000000,107.00,59
2024-10,Chicharrón,1179.91666666666666666663,1246.00,241
2026-06,Requesón Picosito,222.24999999999999999998,240.00,109
2023-10,Huevo con Nopal,125.33333333333333333333,129.00,62
2026-04,Bistec con Papas,323.44999999999999999998,344.00,121
2025-11,Frijoles,90.50000000000000000000,92.00,32
2024-09,Nopal,128.00000000000000000000,133.00,54
2024-04,Bistec con Papas,245.41666666666666666666,261.00,104
2026-04,Frijoles con Queso,556.41666666666666666666,581.00,129
2025-03,Frijoles con Queso,615.91666666666666666666,636.00,110
2024-11,Huevo Cascabel,430.99999999999999999997,453.00,136
2026-04,Queso,87.00000000000000000000,87.00,54
2025-01,Pollo con Mole,351.99999999999999999998,368.00,107
2026-08,Cochinita,676.61666666666666666663,722.00,210
2025-11,Huevo con Nopal,171.16666666666666666666,177.00,75
2025-03,Huevo Verde,1086.78333333333333333327,1147.00,232
2024-04,Cochinita,525.33333333333333333331,556.00,175
2025-11,Huevo Cascabel,379.94999999999999999999,399.00,121
2024-02,Huevo con Chorizo,232.83333333333333333333,244.00,107
2025-02,Barbacoa,342.33333333333333333333,352.00,68
2025-04,Molida,596.24999999999999999996,630.00,167
2024-12,Frijoles,131.00000000000000000000,131.00,46
2023-10,Huevo con Chorizo,293.91666666666666666666,303.00,112
2025-06,Papa con Huevo,326.08333333333333333333,334.00,100
2025-08,Papa,241.83333333333333333333,243.00,55
2024-03,Huevo Rojo,680.36666666666666666665,705.00,145
2024-09,Papa,230.50000000000000000000,239.00,63
2024-10,Huevo Cascabel,412.33333333333333333332,425.00,121
2024-02,Chicharrón,896.33333333333333333331,947.00,189
2024-09,Papa con Chorizo,475.66666666666666666665,509.00,152
2025-02,Frijoles con Queso,509.08333333333333333333,517.00,98
2026-05,Frijoles con Queso,592.91666666666666666666,616.00,130
2025-11,Queso,83.00000000000000000000,83.00,39
2024-08,Requeson,160.03333333333333333334,170.00,75
2024-02,Huevo con Nopal,122.08333333333333333333,126.00,59
2024-11,Cochinita,656.24999999999999999997,698.00,185
2025-02,Bistec con Papas,324.08333333333333333330,342.00,115
2024-08,Requesón Picosito,177.75000000000000000000,188.00,85
2023-10,Pollo con Mole,243.25000000000000000000,248.00,84
2026-03,Papa con Chorizo,373.33333333333333333330,399.00,143
2026-09,Frijoles con Queso,86.00000000000000000000,87.00,17
2026-05,Huevo Cascabel,479.58333333333333333331,498.00,126
2025-03,Papa con Huevo,331.24999999999999999999,346.00,94
2024-12,Barbacoa,589.16666666666666666666,602.00,111
2023-12,Huevo con Nopal,154.08333333333333333333,159.00,68
2024-09,Papa con Huevo,307.25000000000000000000,314.00,95
2025-07,Huevo con Chorizo,340.99999999999999999999,355.00,136
2026-03,Huevo con Chorizo,294.75000000000000000000,303.00,111
2025-11,Frijoles con Queso,501.66666666666666666666,531.00,111
2025-11,Molida,624.69999999999999999997,661.00,172
2024-09,Huevo Rojo,818.33333333333333333333,845.00,169
2024-08,Barbacoa,601.75000000000000000000,623.00,122
2024-05,Frijoles con Queso,489.28333333333333333333,497.00,101
2023-08,Asado,116.08333333333333333333,119.00,36
2025-11,Barbacoa,532.24999999999999999997,553.00,102
2025-06,Papa con Chorizo,422.08333333333333333332,443.00,128
2023-10,Requeson,125.33333333333333333333,132.00,65
2024-10,Deshebrada,1609.58333333333333333327,1689.00,328
2024-01,Papa con Huevo,213.45000000000000000000,219.00,86
2026-05,Huevo con Nopal,158.91666666666666666666,166.00,74
2024-06,Cochinita,651.24999999999999999997,692.00,197
2026-08,Requesón Picosito,217.24999999999999999999,228.00,93
2023-10,Chicharrón,969.58333333333333333333,1009.00,186
2024-10,Papa,181.49999999999999999999,186.00,62
2023-09,Huevo Rojo,562.50000000000000000000,581.00,132
2026-09,Queso,2.00000000000000000000,2.00,2
2026-01,Frijoles,52.00000000000000000000,52.00,25
2023-09,Requesón Picosito,91.08333333333333333333,95.00,45
2024-01,Papa,181.58333333333333333333,190.00,70
2025-03,Huevo con Chorizo,292.69999999999999999999,311.00,136
2023-09,Cochinita,494.41666666666666666666,516.00,144
2026-05,Queso,97.00000000000000000000,97.00,42
2024-04,Papa,149.50000000000000000000,154.00,58
2026-01,Huevo Rojo,719.99999999999999999999,741.00,158
2025-04,Pollo con Mole,287.74999999999999999999,302.00,103
2024-06,Huevo Verde,1240.08333333333333333329,1305.00,257
2023-12,Barbacoa,465.41666666666666666666,479.00,95
2026-08,Asado,311.19999999999999999997,336.00,134
2024-01,Huevo con Nopal,136.75000000000000000000,142.00,64
2026-04,Huevo con Nopal,203.33333333333333333333,209.00,75
2026-06,Molida,509.33333333333333333330,545.00,168
2024-03,Papa con Chorizo,362.16666666666666666665,391.00,148
2024-07,Papa,205.00000000000000000000,212.00,66
2023-12,Queso,90.00000000000000000000,90.00,48
2023-09,Huevo con Nopal,92.75000000000000000000,94.00,46
2025-03,Requeson,149.50000000000000000000,157.00,62
2025-06,Nopal,126.33333333333333333333,129.00,53
2024-11,Huevo Verde,1209.66666666666666666663,1268.00,242
2025-03,Papa con Chorizo,390.44999999999999999997,423.00,149
2026-02,Molida,425.24999999999999999994,459.00,154
2024-12,Huevo con Chorizo,325.91666666666666666666,336.00,132
2024-10,Huevo con Nopal,108.83333333333333333333,114.00,62
2025-09,Queso,80.00000000000000000000,80.00,46
2026-01,Requeson,106.91666666666666666666,110.00,53
2025-04,Huevo con Nopal,155.25000000000000000000,158.00,60
2026-07,Deshebrada,1840.19999999999999999994,1938.00,388
2025-04,Huevo Verde,1231.91666666666666666660,1295.00,242
2025-10,Papa con Huevo,224.25000000000000000000,228.00,81
2026-08,Huevo con Nopal,239.28333333333333333333,243.00,78
2025-10,Barbacoa,400.16666666666666666665,416.00,97
2023-10,Huevo Rojo,623.66666666666666666665,643.00,152
2023-11,Frijoles con Queso,494.16666666666666666666,499.00,94
2023-10,Barbacoa,327.83333333333333333332,338.00,72
2026-09,Nopal,29.50000000000000000000,33.00,12
2023-08,Papa,61.50000000000000000000,62.00,17
2025-10,Huevo Verde,1059.24999999999999999996,1112.00,227
2024-02,Papa con Huevo,175.24999999999999999999,181.00,86
2026-03,Huevo Rojo,644.53333333333333333331,674.00,169
2025-02,Deshebrada,1398.66666666666666666662,1478.00,306
2026-03,Deshebrada,1809.66666666666666666659,1907.00,388
2024-01,Chicharrón,941.61666666666666666664,1002.00,215
2024-12,Papa,256.99999999999999999999,262.00,70
2024-12,Huevo Rojo,850.83333333333333333330,881.00,172
2024-07,Frijoles,146.00000000000000000000,146.00,44
2025-09,Huevo Verde,1191.08333333333333333330,1252.00,249
2025-11,Nopal,131.50000000000000000000,132.00,51
2024-06,Nopal,106.00000000000000000000,107.00,45
2026-08,Requeson,180.24999999999999999999,189.00,82
2024-04,Pollo con Mole,145.99999999999999999999,154.00,70
2026-02,Huevo Verde,1051.99999999999999999995,1110.00,224
2025-04,Huevo con Chorizo,308.66666666666666666664,324.00,125
2025-09,Chicharrón,1144.74999999999999999997,1215.00,237
2025-03,Huevo con Nopal,184.41666666666666666666,191.00,73
2026-07,Requesón Picosito,234.49999999999999999998,250.00,104
2025-09,Deshebrada,1812.83333333333333333331,1899.00,347
2024-08,Papa con Huevo,253.78333333333333333333,263.00,100
2023-09,Queso,52.00000000000000000000,52.00,26
2025-07,Chicharrón,1100.66666666666666666660,1172.00,239
2026-08,Pollo con Mole,272.18333333333333333332,293.00,121
2025-02,Chicharrón,1091.36666666666666666662,1151.00,223
2025-03,Bistec con Papas,307.16666666666666666664,331.00,117
2025-06,Bistec con Papas,352.24999999999999999999,370.00,123
2023-10,Molida,538.91666666666666666665,560.00,144
2024-01,Asado,324.33333333333333333332,341.00,113
2025-04,Bistec con Papas,366.66666666666666666666,389.00,118
2025-08,Queso,86.00000000000000000000,86.00,45
2025-07,Asado,306.24999999999999999999,319.00,111
2026-05,Bistec con Papas,318.66666666666666666665,345.00,135
2025-11,Chicharrón,1247.03333333333333333329,1324.00,261
2024-08,Bistec con Papas,324.58333333333333333333,347.00,127
2024-11,Chicharrón,1134.24999999999999999994,1207.00,248
2023-10,Papa con Chorizo,395.33333333333333333333,407.00,120
2026-09,Huevo con Nopal,32.00000000000000000000,36.00,17
2025-03,Queso,49.00000000000000000000,49.00,35
2024-06,Molida,590.36666666666666666662,646.00,213
2025-02,Requesón Picosito,156.91666666666666666666,167.00,79
2024-11,Frijoles,76.50000000000000000000,79.00,29
2025-07,Huevo Rojo,844.16666666666666666665,867.00,165
2026-05,Papa con Huevo,311.74999999999999999998,326.00,110
2024-03,Huevo Verde,976.24999999999999999998,1034.00,210
2025-02,Nopal,123.00000000000000000000,125.00,45
2025-11,Cochinita,715.99999999999999999996,760.00,192
2026-06,Asado,266.03333333333333333331,282.00,115
2023-12,Pollo con Mole,283.16666666666666666667,294.00,99
2026-03,Huevo Cascabel,387.08333333333333333333,402.00,133
2024-01,Huevo con Chorizo,316.08333333333333333332,329.00,118
2025-03,Huevo Cascabel,426.33333333333333333332,454.00,142
2026-03,Barbacoa,408.16666666666666666664,424.00,92
2024-09,Huevo Verde,1169.74999999999999999998,1222.00,230
2026-07,Huevo con Chorizo,292.16666666666666666666,307.00,143
2026-07,Frijoles,117.00000000000000000000,117.00,48
2026-09,Molida,65.00000000000000000000,70.00,25
2025-12,Huevo Verde,1394.49999999999999999994,1478.00,280
2024-06,Pollo con Mole,262.61666666666666666665,277.00,113
2026-04,Huevo Rojo,739.03333333333333333332,762.00,154
2025-06,Deshebrada,1811.99999999999999999993,1898.00,336
2025-02,Cochinita,588.66666666666666666665,621.00,172
2025-12,Deshebrada,2150.74999999999999999994,2256.00,389
2024-09,Cochinita,656.91666666666666666665,700.00,210
2026-05,Barbacoa,682.91666666666666666665,704.00,132
2026-06,Papa,277.00000000000000000000,281.00,69
2025-02,Huevo Verde,1015.83333333333333333329,1064.00,206
2025-12,Papa con Huevo,323.16666666666666666666,333.00,101
2024-05,Huevo con Nopal,138.33333333333333333333,146.00,70
2024-05,Queso,58.00000000000000000000,58.00,35
2026-05,Asado,317.91666666666666666663,338.00,125
2025-09,Papa,149.33333333333333333333,161.00,69
2025-01,Papa,181.83333333333333333332,186.00,58
2025-09,Molida,596.33333333333333333330,636.00,188
2025-07,Bistec con Papas,351.24999999999999999997,373.00,126
2025-08,Requesón Picosito,207.49999999999999999998,222.00,99
2024-02,Requeson,135.00000000000000000000,139.00,47
2026-08,Chicharrón,1284.86666666666666666661,1377.00,313
2024-08,Huevo Cascabel,429.94999999999999999998,460.00,147
2025-04,Asado,323.91666666666666666666,342.00,124
2026-07,Queso,129.00000000000000000000,129.00,72
2026-04,Frijoles,65.00000000000000000000,65.00,36
2025-01,Requeson,120.91666666666666666665,127.00,55
2025-10,Huevo con Chorizo,269.24999999999999999999,280.00,120
2025-04,Huevo Cascabel,414.83333333333333333332,428.00,121
2023-08,Deshebrada,447.50000000000000000000,454.00,63
2024-11,Huevo con Nopal,173.58333333333333333333,179.00,71
2025-02,Huevo Cascabel,385.11666666666666666666,397.00,105
2026-05,Molida,518.49999999999999999996,550.00,167
2025-06,Requesón Picosito,231.58333333333333333333,240.00,91
2024-07,Papa con Huevo,251.74999999999999999999,264.00,107
2024-11,Bistec con Papas,299.66666666666666666664,327.00,135
2026-02,Bistec con Papas,300.49999999999999999997,321.00,120
2025-01,Barbacoa,450.58333333333333333332,469.00,93
2026-01,Nopal,77.00000000000000000000,79.00,43
2025-05,Papa con Huevo,302.16666666666666666666,308.00,104
2026-08,Papa con Chorizo,355.64999999999999999999,377.00,137
2025-08,Cochinita,709.24999999999999999999,752.00,198
2025-08,Nopal,126.50000000000000000000,127.00,58
2025-02,Frijoles,102.00000000000000000000,102.00,35
2025-09,Frijoles,66.00000000000000000000,66.00,32
2025-05,Papa,207.66666666666666666666,215.00,73
2024-06,Requesón Picosito,189.08333333333333333333,194.00,83
2024-07,Huevo con Nopal,145.50000000000000000000,151.00,76
2025-10,Pollo con Mole,312.58333333333333333332,326.00,112
2024-01,Frijoles,97.50000000000000000000,98.00,34
2023-11,Nopal,109.50000000000000000000,112.00,46
2024-12,Huevo con Nopal,121.83333333333333333333,127.00,63
2025-07,Pollo con Mole,289.08333333333333333331,300.00,98
2023-11,Huevo Rojo,717.33333333333333333333,740.00,147
2025-10,Queso,73.00000000000000000000,73.00,42
2023-12,Requeson,134.33333333333333333333,138.00,66
2025-07,Molida,582.58333333333333333329,616.00,176
2025-07,Nopal,91.00000000000000000000,93.00,48
2025-12,Chicharrón,1385.74999999999999999994,1475.00,284
2023-12,Molida,585.58333333333333333332,615.00,165
2023-09,Molida,433.91666666666666666664,460.00,142
2025-03,Deshebrada,1642.16666666666666666661,1746.00,358
2025-08,Pollo con Mole,311.08333333333333333331,325.00,114
2024-01,Frijoles con Queso,483.58333333333333333333,486.00,78
2026-09,Huevo Cascabel,53.33333333333333333333,55.00,21
2024-03,Huevo con Chorizo,210.11666666666666666666,223.00,99
2024-03,Huevo con Nopal,131.78333333333333333333,136.00,65
2026-08,Huevo Verde,1298.19999999999999999998,1358.00,260
2026-07,Molida,599.24999999999999999996,637.00,184
2026-04,Barbacoa,492.41666666666666666664,515.00,109
2026-01,Pollo con Mole,257.66666666666666666666,270.00,96
2026-03,Papa con Huevo,256.58333333333333333333,271.00,102
2024-04,Molida,496.16666666666666666665,526.00,149
2025-04,Cochinita,727.83333333333333333330,763.00,192
2026-03,Frijoles,108.50000000000000000000,109.00,40
2025-08,Deshebrada,2012.94999999999999999992,2120.00,388
2025-01,Huevo con Nopal,166.58333333333333333333,172.00,75
2024-12,Molida,578.33333333333333333325,622.00,184
2023-08,Barbacoa,51.33333333333333333333,53.00,19
2024-12,Papa con Huevo,340.41666666666666666666,348.00,91
2024-03,Asado,268.61666666666666666666,293.00,124
2023-08,Papa con Chorizo,139.50000000000000000000,145.00,40
2025-05,Frijoles con Queso,576.33333333333333333333,584.00,104
2026-06,Frijoles,109.00000000000000000000,109.00,33
2026-09,Frijoles,13.00000000000000000000,13.00,4
2025-12,Barbacoa,432.16666666666666666665,450.00,100
2025-02,Papa con Chorizo,347.99999999999999999999,369.00,127
2026-07,Huevo Verde,1297.66666666666666666663,1356.00,247
2024-06,Huevo Cascabel,440.66666666666666666664,462.00,132
2024-06,Huevo con Chorizo,316.24999999999999999998,333.00,129
2023-09,Asado,240.45000000000000000000,250.00,102
2026-05,Huevo con Chorizo,329.83333333333333333331,347.00,134
2024-07,Deshebrada,1813.24999999999999999996,1922.00,411
2024-12,Asado,362.74999999999999999999,388.00,144
2025-06,Huevo con Chorizo,330.83333333333333333332,349.00,144
2024-11,Nopal,117.00000000000000000000,119.00,53
2024-08,Papa con Chorizo,454.24999999999999999999,486.00,157
2024-02,Barbacoa,325.25000000000000000000,331.00,68
2026-08,Bistec con Papas,378.73333333333333333331,405.00,160
2023-08,Pollo con Mole,80.50000000000000000000,81.00,28
2026-04,Huevo Verde,1310.86666666666666666664,1384.00,256
2024-02,Requesón Picosito,130.75000000000000000000,137.00,67
2026-01,Queso,113.00000000000000000000,113.00,51
2024-10,Cochinita,604.58333333333333333331,642.00,200
2024-05,Huevo Verde,1226.78333333333333333326,1303.00,273
2024-09,Huevo con Nopal,151.33333333333333333333,157.00,73
2026-04,Huevo Cascabel,361.94999999999999999999,377.00,120
2024-01,Nopal,103.50000000000000000000,104.00,50
2023-12,Huevo Verde,1259.33333333333333333331,1320.00,241
2024-05,Molida,637.58333333333333333329,692.00,206
2026-09,Asado,37.83333333333333333332,44.00,22
2025-02,Molida,557.16666666666666666661,591.00,163
2026-05,Pollo con Mole,219.49999999999999999999,235.00,104
2024-04,Queso,72.00000000000000000000,72.00,38
2024-12,Papa con Chorizo,433.49999999999999999997,465.00,152
2024-03,Papa,196.49999999999999999999,205.00,69
2024-03,Barbacoa,468.33333333333333333333,487.00,106
2025-02,Huevo Rojo,654.74999999999999999999,674.00,133
2024-01,Requesón Picosito,132.25000000000000000000,137.00,68
2024-05,Papa con Chorizo,407.08333333333333333331,437.00,148
2025-09,Papa con Huevo,270.00000000000000000000,275.00,92
2025-05,Nopal,112.00000000000000000000,114.00,44
2025-04,Frijoles con Queso,646.08333333333333333333,661.00,113
2025-05,Requeson,162.83333333333333333333,171.00,69
2024-05,Nopal,127.00000000000000000000,130.00,52
2024-07,Chicharrón,1211.41666666666666666663,1295.00,270
2025-09,Asado,290.58333333333333333332,308.00,123
2025-01,Chicharrón,1223.33333333333333333325,1293.00,246
2024-08,Queso,86.00000000000000000000,86.00,48
2024-07,Requesón Picosito,228.83333333333333333333,238.00,94
2023-11,Queso,58.00000000000000000000,58.00,34
2024-11,Huevo con Chorizo,320.25000000000000000000,333.00,123
2025-12,Papa,217.33333333333333333332,224.00,65
2024-02,Deshebrada,1602.91666666666666666664,1675.00,293
2023-12,Huevo Cascabel,473.33333333333333333332,496.00,148
2024-07,Huevo Cascabel,464.16666666666666666666,485.00,138
2025-10,Cochinita,644.08333333333333333331,688.00,203
2026-01,Chicharrón,1092.33333333333333333329,1161.00,245
2023-10,Papa,175.25000000000000000000,178.00,58
2025-03,Nopal,147.50000000000000000000,149.00,53
2024-08,Papa,212.50000000000000000000,215.00,57
2024-06,Huevo Rojo,827.99999999999999999998,868.00,188
2024-01,Cochinita,540.49999999999999999998,564.00,157
2024-08,Nopal,103.50000000000000000000,106.00,49
2024-11,Barbacoa,473.24999999999999999999,488.00,99
2024-04,Barbacoa,362.83333333333333333332,377.00,89
2025-06,Frijoles con Queso,593.74999999999999999999,609.00,108
2024-12,Nopal,120.00000000000000000000,122.00,52
2026-08,Frijoles,129.00000000000000000000,129.00,42
2026-04,Molida,573.69999999999999999996,611.00,187
2026-03,Bistec con Papas,285.69999999999999999997,304.00,124
2025-02,Huevo con Chorizo,239.61666666666666666666,247.00,97
2024-04,Papa con Huevo,170.00000000000000000000,174.00,71
2026-07,Nopal,170.00000000000000000000,175.00,65
2025-10,Papa,220.50000000000000000000,225.00,67
2023-08,Queso,23.00000000000000000000,23.00,11
2026-01,Asado,268.08333333333333333333,281.00,105
2024-08,Huevo con Chorizo,323.99999999999999999998,341.00,145
2025-08,Huevo Rojo,781.41666666666666666663,804.00,156
2024-07,Nopal,119.00000000000000000000,121.00,45
2025-03,Asado,277.99999999999999999999,301.00,124
2025-12,Requesón Picosito,226.58333333333333333332,239.00,98
2025-08,Bistec con Papas,381.03333333333333333331,413.00,147
2026-02,Barbacoa,369.74999999999999999999,382.00,85
2024-02,Papa,191.66666666666666666666,197.00,68
2026-07,Huevo Rojo,786.49999999999999999999,817.00,179
2026-03,Requeson,147.08333333333333333333,151.00,66
2024-11,Papa,214.83333333333333333333,220.00,55
2023-11,Barbacoa,274.49999999999999999999,284.00,67
2024-03,Bistec con Papas,211.56666666666666666666,235.00,119
2025-07,Deshebrada,1820.74999999999999999995,1895.00,332
2026-08,Huevo Cascabel,406.41666666666666666666,417.00,121
2024-01,Papa con Chorizo,389.49999999999999999998,416.00,128
2023-11,Huevo Cascabel,403.33333333333333333333,414.00,107
2023-10,Huevo Cascabel,437.24999999999999999998,452.00,130
2025-11,Asado,329.66666666666666666665,351.00,118
2025-12,Asado,318.49999999999999999998,338.00,123
2023-12,Cochinita,643.24999999999999999999,675.00,182
2024-09,Huevo con Chorizo,318.99999999999999999999,334.00,124
2026-01,Papa con Huevo,281.33333333333333333333,294.00,105
2024-07,Requeson,135.24999999999999999999,142.00,69
2026-09,Huevo Verde,166.25000000000000000000,175.00,40
2026-09,Requesón Picosito,27.58333333333333333332,31.00,19
2025-10,Chicharrón,1041.16666666666666666664,1105.00,232
2024-01,Queso,97.00000000000000000000,97.00,56
2026-03,Chicharrón,1009.69999999999999999994,1079.00,249
2025-01,Huevo Rojo,802.33333333333333333331,833.00,168
2026-04,Papa con Huevo,304.83333333333333333333,315.00,104
2025-04,Barbacoa,437.66666666666666666666,456.00,89
2025-06,Barbacoa,395.58333333333333333332,412.00,89
2025-05,Papa con Chorizo,441.66666666666666666664,469.00,142
2024-01,Pollo con Mole,195.08333333333333333333,200.00,67
2026-05,Deshebrada,1851.74999999999999999994,1952.00,402
2026-01,Papa,135.91666666666666666666,142.00,59
2025-03,Molida,532.24999999999999999994,572.00,169
2023-09,Huevo Cascabel,325.00000000000000000000,334.00,102
2024-07,Huevo Rojo,838.91666666666666666666,875.00,189
2025-08,Huevo con Chorizo,307.99999999999999999999,315.00,120
2023-11,Chicharrón,1061.41666666666666666663,1110.00,197
2025-02,Papa con Huevo,266.16666666666666666666,275.00,83
2025-05,Deshebrada,1861.41666666666666666660,1967.00,365
2026-08,Huevo con Chorizo,316.56666666666666666664,334.00,155
2023-11,Pollo con Mole,208.58333333333333333333,212.00,77
2025-09,Huevo con Nopal,192.33333333333333333333,195.00,69
2025-06,Huevo con Nopal,186.58333333333333333333,188.00,54
2025-03,Requesón Picosito,186.83333333333333333332,198.00,85
2026-04,Asado,327.11666666666666666664,342.00,116
2024-02,Huevo Verde,863.16666666666666666663,905.00,184
2024-08,Molida,648.41666666666666666663,689.00,208
2026-03,Huevo con Nopal,151.50000000000000000000,160.00,69
2025-09,Bistec con Papas,308.49999999999999999999,331.00,128
2023-11,Papa con Huevo,202.00000000000000000000,207.00,72
2025-11,Deshebrada,1882.24999999999999999994,1975.00,365
2026-07,Frijoles con Queso,646.33333333333333333333,675.00,146
2023-10,Frijoles con Queso,395.83333333333333333333,402.00,99
2026-06,Cochinita,602.91666666666666666665,636.00,176
2025-12,Papa con Chorizo,534.74999999999999999998,564.00,157
2023-08,Requesón Picosito,39.00000000000000000000,40.00,21
2024-01,Huevo Rojo,716.69999999999999999999,742.00,161
2026-02,Frijoles,80.00000000000000000000,81.00,30
2024-06,Requeson,103.66666666666666666666,110.00,61
2024-11,Molida,565.74999999999999999997,605.00,174
2023-12,Papa,253.66666666666666666666,258.00,66
2026-06,Barbacoa,573.08333333333333333332,588.00,110
2025-08,Frijoles con Queso,592.58333333333333333333,616.00,116
2024-02,Frijoles con Queso,423.58333333333333333333,426.00,74
2025-10,Molida,526.99999999999999999998,558.00,170
2025-04,Deshebrada,1948.41666666666666666661,2044.00,352
2023-10,Requesón Picosito,131.58333333333333333333,135.00,61
2025-07,Papa con Huevo,305.58333333333333333333,312.00,97
2026-01,Deshebrada,1825.49999999999999999996,1905.00,335
2025-10,Frijoles,72.00000000000000000000,72.00,32
2024-07,Pollo con Mole,336.91666666666666666665,359.00,124
2025-07,Queso,102.00000000000000000000,102.00,48
2025-05,Bistec con Papas,331.74999999999999999998,353.00,123
2023-09,Frijoles con Queso,374.41666666666666666667,386.00,102
2025-09,Cochinita,620.08333333333333333331,656.00,169
2026-06,Huevo Cascabel,395.58333333333333333332,409.00,126
2025-02,Huevo con Nopal,172.00000000000000000000,175.00,63
2024-10,Huevo con Chorizo,297.83333333333333333333,309.00,124
2024-12,Chicharrón,1385.74999999999999999993,1469.00,263
2026-08,Deshebrada,1932.43333333333333333327,2041.00,427
2024-05,Huevo con Chorizo,263.78333333333333333333,276.00,121
2024-11,Papa con Chorizo,432.08333333333333333333,451.00,139
2025-10,Deshebrada,1694.99999999999999999995,1783.00,354
2025-03,Frijoles,64.00000000000000000000,64.00,28
2024-12,Huevo Verde,1353.91666666666666666658,1418.00,241
2026-05,Papa con Chorizo,427.66666666666666666663,455.00,138
2026-02,Pollo con Mole,217.33333333333333333331,231.00,92
2025-05,Huevo con Nopal,203.00000000000000000000,207.00,73
2024-05,Bistec con Papas,305.91666666666666666664,337.00,135
2025-07,Huevo con Nopal,190.83333333333333333332,197.00,78
2025-05,Huevo Rojo,822.91666666666666666666,846.00,154
2026-01,Cochinita,578.83333333333333333331,614.00,182
2023-09,Huevo con Chorizo,209.75000000000000000000,221.00,96
2026-02,Huevo con Nopal,145.83333333333333333333,154.00,63
2025-11,Bistec con Papas,314.58333333333333333331,341.00,134
2023-12,Bistec con Papas,277.33333333333333333333,288.00,113
2025-10,Huevo Rojo,685.16666666666666666665,709.00,160
2026-02,Frijoles con Queso,506.33333333333333333333,518.00,105
2023-09,Pollo con Mole,179.66666666666666666667,185.00,73
2025-06,Huevo Verde,1337.33333333333333333329,1394.00,229
2024-03,Frijoles,95.50000000000000000000,98.00,39
2024-11,Requeson,135.08333333333333333332,143.00,70
2024-05,Papa,172.75000000000000000000,178.00,65
2024-03,Pollo con Mole,166.66666666666666666666,175.00,73
2025-09,Pollo con Mole,289.83333333333333333333,298.00,90
2024-03,Requeson,113.25000000000000000000,121.00,59
2023-08,Frijoles,21.50000000000000000000,22.00,9
2023-11,Requeson,120.83333333333333333333,125.00,61
2023-11,Papa con Chorizo,407.24999999999999999998,426.00,126
2026-09,Deshebrada,223.74999999999999999998,239.00,64
2024-09,Barbacoa,516.24999999999999999999,537.00,110
2025-11,Huevo con Chorizo,298.75000000000000000000,309.00,112
2023-10,Asado,320.41666666666666666666,339.00,123
2023-12,Frijoles con Queso,633.83333333333333333333,643.00,108
2025-07,Frijoles,90.00000000000000000000,91.00,31
2025-05,Huevo Verde,1203.91666666666666666664,1257.00,226
2026-08,Queso,99.50000000000000000000,100.00,54
2026-07,Barbacoa,584.03333333333333333333,611.00,136
2026-08,Papa con Huevo,309.44999999999999999999,325.00,123
2026-03,Huevo Verde,1166.28333333333333333327,1234.00,282
2024-07,Molida,683.99999999999999999997,734.00,208
2025-12,Frijoles,96.00000000000000000000,96.00,39
2024-07,Huevo Verde,1173.24999999999999999998,1246.00,276
2024-12,Deshebrada,1958.74999999999999999992,2061.00,352
2026-09,Cochinita,76.91666666666666666666,84.00,31
2025-12,Cochinita,787.66666666666666666664,823.00,192
2024-12,Cochinita,791.99999999999999999996,840.00,213
2023-09,Frijoles,82.00000000000000000000,82.00,26
2024-10,Nopal,147.00000000000000000000,147.00,54
2023-09,Nopal,85.00000000000000000000,86.00,37
2025-12,Molida,608.24999999999999999997,647.00,178
2023-08,Huevo Verde,304.08333333333333333333,315.00,64
2026-06,Huevo con Chorizo,298.16666666666666666666,312.00,131
2026-05,Papa,261.83333333333333333333,268.00,69
2024-03,Queso,63.50000000000000000000,65.00,40
2024-04,Chicharrón,917.83333333333333333330,979.00,218
2024-04,Huevo Cascabel,394.99999999999999999999,414.00,108
2025-04,Papa con Huevo,362.83333333333333333333,369.00,94
2026-03,Papa,210.41666666666666666666,215.00,63
2024-04,Nopal,89.00000000000000000000,90.00,48
2024-09,Huevo Cascabel,448.66666666666666666666,472.00,135
2024-06,Barbacoa,517.78333333333333333332,542.00,108
2025-07,Papa,215.66666666666666666666,219.00,65
2025-05,Molida,574.66666666666666666661,615.00,174
2025-03,Chicharrón,1115.86666666666666666659,1195.00,264
2025-06,Molida,625.91666666666666666662,664.00,186
2023-10,Huevo Verde,984.16666666666666666665,1022.00,193
2026-03,Queso,74.00000000000000000000,74.00,46
2026-07,Cochinita,700.41666666666666666664,743.00,212
2023-11,Deshebrada,1701.24999999999999999998,1769.00,283
2023-12,Papa con Chorizo,543.24999999999999999999,574.00,154
2026-01,Huevo Cascabel,394.41666666666666666665,415.00,126
2025-07,Papa con Chorizo,398.91666666666666666664,421.00,134
2025-03,Pollo con Mole,257.33333333333333333331,272.00,110
2026-07,Asado,316.74999999999999999998,335.00,123
2024-08,Pollo con Mole,316.33333333333333333333,325.00,100
2024-03,Cochinita,571.99999999999999999999,605.00,182
2023-10,Nopal,109.33333333333333333333,110.00,54
2025-05,Requesón Picosito,226.66666666666666666666,238.00,96
2023-11,Huevo con Chorizo,266.08333333333333333333,276.00,108
2023-11,Frijoles,87.50000000000000000000,88.00,25
2024-05,Requesón Picosito,148.83333333333333333331,161.00,85
2026-05,Nopal,120.00000000000000000000,129.00,64
2024-05,Asado,312.41666666666666666664,345.00,145
2025-07,Frijoles con Queso,626.00000000000000000000,640.00,104
2024-07,Frijoles con Queso,571.33333333333333333333,589.00,112
2023-09,Papa con Huevo,236.75000000000000000000,245.00,98
2023-12,Nopal,128.00000000000000000000,132.00,58
2023-10,Papa con Huevo,200.50000000000000000000,206.00,79
2024-10,Bistec con Papas,374.33333333333333333331,402.00,152
2026-06,Chicharrón,1202.74999999999999999994,1280.00,263
2026-03,Nopal,110.00000000000000000000,115.00,53
2025-02,Queso,51.00000000000000000000,51.00,34
2024-05,Papa con Huevo,240.33333333333333333333,249.00,94
2024-05,Cochinita,623.66666666666666666663,664.00,200
2024-08,Cochinita,725.91666666666666666665,768.00,207
2024-03,Papa con Huevo,187.41666666666666666666,195.00,82
2026-02,Requesón Picosito,166.58333333333333333332,179.00,83
2025-11,Huevo Verde,1249.53333333333333333329,1306.00,241
2025-01,Frijoles,99.00000000000000000000,99.00,40
2024-10,Papa con Huevo,297.16666666666666666666,302.00,92
2025-01,Huevo Cascabel,409.08333333333333333332,426.00,130
2023-08,Frijoles con Queso,151.50000000000000000000,158.00,37
2024-09,Asado,362.83333333333333333332,387.00,142
2025-05,Chicharrón,1238.66666666666666666662,1328.00,278
2025-04,Chicharrón,1202.99999999999999999995,1277.00,251
2024-12,Requeson,141.33333333333333333333,148.00,67
2026-08,Papa,347.58333333333333333333,356.00,83
2025-01,Nopal,98.50000000000000000000,100.00,45
2024-11,Pollo con Mole,312.08333333333333333331,328.00,102
2026-04,Huevo con Chorizo,306.16666666666666666666,323.00,130
2026-07,Requeson,160.74999999999999999999,169.00,75
2024-09,Molida,607.16666666666666666665,653.00,197
2025-08,Chicharrón,1186.61666666666666666661,1268.00,265
2026-03,Pollo con Mole,228.03333333333333333332,236.00,90
2024-01,Molida,565.99999999999999999998,594.00,153
2026-01,Molida,542.74999999999999999998,568.00,161
2025-01,Bistec con Papas,325.33333333333333333329,352.00,145
2026-06,Huevo Rojo,814.66666666666666666665,843.00,177
2026-07,Pollo con Mole,363.74999999999999999998,384.00,123
2024-07,Cochinita,700.83333333333333333331,744.00,209
2024-07,Huevo con Chorizo,375.16666666666666666666,387.00,129
2026-06,Papa con Huevo,308.49999999999999999999,318.00,109
2024-09,Frijoles con Queso,559.99999999999999999999,572.00,110
2024-12,Pollo con Mole,346.08333333333333333331,369.00,123
2024-02,Nopal,92.00000000000000000000,95.00,50
2024-11,Requesón Picosito,189.33333333333333333333,199.00,96
2026-04,Papa,299.91666666666666666666,309.00,66
2024-11,Queso,81.00000000000000000000,81.00,42
2024-08,Frijoles,104.50000000000000000000,107.00,41
2026-07,Papa,356.41666666666666666666,365.00,70
2024-02,Asado,294.66666666666666666666,308.00,102
2025-06,Huevo Cascabel,414.24999999999999999998,433.00,134
2025-08,Frijoles,100.50000000000000000000,101.00,35
2023-08,Requeson,52.50000000000000000000,53.00,24
2026-02,Cochinita,596.91666666666666666663,632.00,180
2024-04,Requeson,87.50000000000000000000,91.00,47
2026-02,Chicharrón,930.16666666666666666662,985.00,208
2024-11,Asado,319.99999999999999999996,356.00,140
2026-05,Requesón Picosito,204.33333333333333333331,217.00,93
2025-11,Papa con Chorizo,369.11666666666666666666,391.00,135
2024-04,Asado,263.16666666666666666664,288.00,122
2026-06,Papa con Chorizo,377.61666666666666666664,406.00,144
2025-08,Huevo con Nopal,167.58333333333333333333,176.00,72
2024-07,Bistec con Papas,342.83333333333333333332,366.00,126
2025-06,Cochinita,754.91666666666666666663,790.00,187
2024-03,Requesón Picosito,184.00000000000000000000,192.00,85
2024-06,Asado,345.11666666666666666663,378.00,142
2026-07,Bistec con Papas,381.78333333333333333330,416.00,155
2024-06,Frijoles con Queso,524.74999999999999999999,533.00,99
2026-02,Nopal,110.00000000000000000000,112.00,50
2026-09,Bistec con Papas,64.08333333333333333333,68.00,25
2024-06,Bistec con Papas,354.41666666666666666664,383.00,147
2024-11,Deshebrada,1475.33333333333333333326,1585.00,365
2024-04,Deshebrada,1511.83333333333333333330,1590.00,307
2024-03,Molida,504.66666666666666666665,546.00,168
2026-07,Papa con Huevo,313.28333333333333333333,322.00,104
2026-09,Huevo con Chorizo,30.33333333333333333333,33.00,20
2024-04,Huevo con Chorizo,222.91666666666666666666,236.00,108
2024-10,Molida,631.83333333333333333330,665.00,188
2026-02,Deshebrada,1600.74999999999999999993,1685.00,335
2024-02,Pollo con Mole,175.58333333333333333333,180.00,70
2025-07,Barbacoa,414.58333333333333333332,432.00,86
2023-12,Huevo Rojo,829.24999999999999999999,857.00,167
2023-09,Bistec con Papas,193.19999999999999999999,207.00,90
2026-04,Chicharrón,1176.49999999999999999996,1246.00,245
2025-05,Frijoles,77.00000000000000000000,77.00,31
2023-08,Papa con Huevo,86.00000000000000000000,86.00,28
2024-04,Huevo con Nopal,106.00000000000000000000,109.00,49
2026-05,Requeson,122.58333333333333333333,127.00,66
2025-10,Requeson,167.33333333333333333333,175.00,72
2024-09,Pollo con Mole,281.74999999999999999999,295.00,94
2025-01,Molida,596.66666666666666666660,636.00,172
2024-02,Bistec con Papas,236.16666666666666666666,252.00,116
2024-06,Huevo con Nopal,147.99999999999999999999,154.00,70
2026-09,Pollo con Mole,29.75000000000000000000,32.00,17
2024-11,Huevo Rojo,722.58333333333333333333,749.00,158
2025-12,Huevo Cascabel,482.58333333333333333331,500.00,137
2025-07,Requesón Picosito,229.08333333333333333331,239.00,98
2025-07,Huevo Cascabel,426.66666666666666666665,443.00,122
2023-08,Huevo Rojo,234.50000000000000000000,237.00,42
2025-12,Huevo con Chorizo,367.49999999999999999998,383.00,137
2024-08,Chicharrón,1193.69999999999999999993,1282.00,269
2024-09,Frijoles,92.00000000000000000000,93.00,35
2025-06,Huevo Rojo,789.83333333333333333331,812.00,144
2024-05,Barbacoa,468.94999999999999999999,489.00,110
2025-01,Papa con Huevo,263.16666666666666666666,270.00,91
2024-01,Requeson,135.83333333333333333333,140.00,61
2023-09,Huevo Verde,831.03333333333333333333,861.00,163
2024-05,Pollo con Mole,310.49999999999999999999,329.00,108
2025-11,Pollo con Mole,331.83333333333333333332,346.00,112
2023-11,Cochinita,498.91666666666666666666,525.00,153
2025-12,Pollo con Mole,281.16666666666666666665,298.00,111
2025-05,Huevo Cascabel,473.58333333333333333332,493.00,139
2026-08,Molida,610.06666666666666666663,659.00,196
2024-10,Pollo con Mole,298.24999999999999999999,313.00,108
2023-09,Barbacoa,339.24999999999999999999,351.00,80
2024-07,Queso,79.00000000000000000000,79.00,44
2024-03,Chicharrón,888.73333333333333333330,959.00,238
2026-03,Molida,448.94999999999999999995,480.00,157
2026-05,Chicharrón,1245.49999999999999999993,1327.00,273
2026-07,Huevo Cascabel,407.16666666666666666665,431.00,134
2026-09,Papa,43.00000000000000000000,44.00,13
2025-09,Huevo con Chorizo,295.91666666666666666666,307.00,125
2025-12,Frijoles con Queso,867.66666666666666666666,880.00,116
2023-08,Huevo con Chorizo,122.00000000000000000000,123.00,35
2023-08,Molida,150.83333333333333333333,154.00,43
2025-03,Barbacoa,434.49999999999999999999,456.00,106
2024-09,Queso,89.50000000000000000000,90.00,50
2024-06,Frijoles,124.00000000000000000000,124.00,41
2026-09,Barbacoa,46.16666666666666666666,50.00,19
2023-12,Asado,325.16666666666666666665,349.00,135
2026-07,Papa con Chorizo,361.74999999999999999998,386.00,141
2025-03,Huevo Rojo,743.78333333333333333332,770.00,155
2025-12,Queso,91.00000000000000000000,91.00,50
2023-11,Papa,183.49999999999999999999,191.00,61
2025-05,Queso,62.00000000000000000000,62.00,42
2024-09,Requesón Picosito,196.91666666666666666666,208.00,91
2024-05,Chicharrón,1105.16666666666666666662,1190.00,268
2026-01,Huevo con Chorizo,325.08333333333333333333,336.00,127
2024-09,Requeson,154.25000000000000000000,162.00,65
2025-09,Requeson,149.16666666666666666666,154.00,67
2024-11,Frijoles con Queso,647.66666666666666666666,662.00,109
2025-04,Huevo Rojo,771.66666666666666666665,796.00,153
2023-12,Requesón Picosito,151.25000000000000000000,159.00,73
2025-06,Requeson,113.25000000000000000000,115.00,55
2023-09,Deshebrada,1322.19999999999999999998,1386.00,271
2026-03,Cochinita,554.39999999999999999996,597.00,205
2026-02,Papa con Chorizo,304.66666666666666666665,325.00,116
2023-10,Bistec con Papas,269.41666666666666666666,283.00,116
2024-12,Huevo Cascabel,401.08333333333333333332,421.00,139
2025-12,Bistec con Papas,395.49999999999999999998,418.00,139
2026-07,Chicharrón,1192.69999999999999999996,1257.00,258
2026-06,Huevo con Nopal,164.58333333333333333333,173.00,76
2024-03,Deshebrada,1621.31666666666666666663,1702.00,323
2025-06,Queso,61.50000000000000000000,62.00,41
2025-04,Frijoles,95.00000000000000000000,95.00,40
2025-09,Huevo Cascabel,376.08333333333333333333,393.00,133
2023-08,Huevo Cascabel,129.83333333333333333333,131.00,29
2025-01,Requesón Picosito,171.33333333333333333333,181.00,89
2024-04,Papa con Chorizo,325.91666666666666666666,348.00,124
2026-04,Requeson,147.66666666666666666666,154.00,68
2023-12,Frijoles,116.00000000000000000000,116.00,34
2026-06,Huevo Verde,1393.69999999999999999997,1463.00,263
2026-02,Papa con Huevo,249.58333333333333333333,256.00,94
2025-09,Papa con Chorizo,362.99999999999999999999,378.00,115
2025-01,Queso,72.00000000000000000000,72.00,43
2025-01,Cochinita,682.08333333333333333331,720.00,181
2026-06,Nopal,166.00000000000000000000,181.00,86
2024-04,Huevo Rojo,546.74999999999999999999,576.00,155
2024-02,Huevo Rojo,616.99999999999999999997,650.00,164
2023-11,Requesón Picosito,146.25000000000000000000,149.00,64
2026-02,Requeson,114.58333333333333333333,120.00,58
2024-08,Huevo Rojo,888.74999999999999999998,916.00,172
2023-08,Bistec con Papas,67.58333333333333333333,69.00,32
2023-10,Queso,48.00000000000000000000,48.00,30
2025-09,Huevo Rojo,739.58333333333333333332,768.00,176
2025-08,Papa con Huevo,301.08333333333333333333,310.00,96
2026-09,Huevo Rojo,94.00000000000000000000,102.00,31
2025-01,Huevo con Chorizo,311.33333333333333333332,326.00,131
2025-04,Requesón Picosito,268.75000000000000000000,278.00,100
2025-04,Papa con Chorizo,430.16666666666666666664,456.00,139
2025-11,Huevo Rojo,733.66666666666666666665,757.00,146
2025-08,Huevo Cascabel,456.58333333333333333332,475.00,136
2026-04,Pollo con Mole,246.98333333333333333331,260.00,101
2026-09,Chicharrón,157.58333333333333333332,174.00,51
2024-02,Frijoles,102.00000000000000000000,102.00,33
2025-05,Pollo con Mole,308.58333333333333333331,331.00,137
2024-02,Queso,53.00000000000000000000,53.00,36
2024-02,Huevo Cascabel,464.08333333333333333332,482.00,123
2026-05,Frijoles,86.00000000000000000000,86.00,28
2026-07,Huevo con Nopal,205.58333333333333333334,212.00,78
2024-03,Frijoles con Queso,513.74999999999999999999,527.00,92
2026-06,Queso,113.00000000000000000000,113.00,54
2024-06,Queso,67.00000000000000000000,67.00,38
2024-08,Huevo con Nopal,159.16666666666666666667,165.00,71
2026-02,Queso,59.00000000000000000000,59.00,30
2026-05,Huevo Verde,1517.41666666666666666660,1589.00,276
2024-05,Huevo Cascabel,495.49999999999999999999,518.00,135
2026-01,Barbacoa,448.49999999999999999998,463.00,98
2025-10,Huevo Cascabel,378.41666666666666666665,398.00,129
2024-10,Papa con Chorizo,426.33333333333333333330,452.00,148
2023-12,Chicharrón,1158.74999999999999999996,1225.00,241
2026-01,Frijoles con Queso,562.49999999999999999999,582.00,108
2025-04,Nopal,133.33333333333333333333,137.00,55
2024-03,Nopal,132.50000000000000000000,134.00,50
2025-11,Papa,199.24999999999999999999,205.00,55
2023-10,Deshebrada,1613.91666666666666666664,1666.00,272
2024-10,Frijoles,106.00000000000000000000,106.00,43
2025-06,Pollo con Mole,284.58333333333333333332,294.00,95
2024-05,Frijoles,87.00000000000000000000,87.00,33
2025-02,Requeson,107.08333333333333333333,112.00,50
2024-05,Huevo Rojo,755.94999999999999999998,785.00,174
2025-11,Requeson,161.33333333333333333333,166.00,74
2024-04,Huevo Verde,893.99999999999999999998,936.00,195
2024-05,Requeson,103.24999999999999999999,110.00,61
2024-09,Chicharrón,1286.49999999999999999997,1363.00,249
2024-11,Papa con Huevo,282.83333333333333333333,294.00,101
2023-08,Nopal,46.00000000000000000000,46.00,22
2025-10,Papa con Chorizo,339.83333333333333333332,360.00,136
2026-08,Nopal,123.50000000000000000000,128.00,63
2025-07,Cochinita,752.74999999999999999996,790.00,196
2024-04,Frijoles,104.00000000000000000000,105.00,32
2024-01,Huevo Verde,1028.03333333333333333332,1070.00,203
2025-08,Barbacoa,615.58333333333333333331,638.00,115
2026-05,Cochinita,625.49999999999999999996,665.00,191
2026-02,Huevo con Chorizo,236.24999999999999999999,247.00,102
2025-07,Huevo Verde,1195.24999999999999999995,1249.00,246
2026-01,Requesón Picosito,183.50000000000000000000,192.00,88
2024-10,Barbacoa,553.08333333333333333333,567.00,115
2026-09,Papa con Chorizo,54.50000000000000000000,56.00,18
2025-01,Deshebrada,1782.33333333333333333326,1877.00,345
2026-02,Huevo Cascabel,319.58333333333333333332,334.00,116
2023-11,Huevo con Nopal,146.33333333333333333333,151.00,65
2024-02,Molida,546.58333333333333333330,580.00,157
2025-11,Requesón Picosito,200.74999999999999999999,208.00,89
2025-08,Asado,312.69999999999999999999,342.00,135
2025-08,Molida,595.11666666666666666661,641.00,189
2025-05,Asado,336.08333333333333333331,356.00,131
2024-06,Papa con Huevo,208.33333333333333333333,221.00,96
2025-10,Bistec con Papas,307.83333333333333333332,325.00,119
2023-08,Huevo con Nopal,48.50000000000000000000,49.00,19
2025-06,Asado,374.08333333333333333332,402.00,151
2025-02,Papa,150.45000000000000000000,158.00,56
2025-06,Chicharrón,1157.24999999999999999996,1228.00,250
2023-08,Cochinita,190.50000000000000000000,197.00,51
2024-10,Asado,335.58333333333333333333,353.00,124
2025-01,Huevo Verde,1200.41666666666666666661,1256.00,226
2023-11,Huevo Verde,943.33333333333333333331,981.00,192
2026-01,Huevo Verde,1189.16666666666666666663,1246.00,232
2024-08,Huevo Verde,1126.83333333333333333331,1187.00,247
2025-01,Papa con Chorizo,361.24999999999999999997,390.00,147
2025-09,Frijoles con Queso,571.83333333333333333333,591.00,112
2024-07,Asado,354.41666666666666666665,378.00,145
2026-04,Nopal,104.00000000000000000000,115.00,66
2025-08,Requeson,160.58333333333333333333,168.00,66
2026-06,Deshebrada,1763.49999999999999999996,1849.00,374
2026-09,Requeson,22.00000000000000000000,23.00,12
2025-10,Huevo con Nopal,131.91666666666666666666,139.00,70
2024-12,Bistec con Papas,366.08333333333333333329,389.00,130
2024-10,Queso,65.50000000000000000000,66.00,45
2024-01,Deshebrada,1673.33333333333333333329,1743.00,310
2024-06,Papa,215.16666666666666666666,222.00,69
2023-12,Huevo con Chorizo,345.99999999999999999999,358.00,116
2024-12,Requesón Picosito,196.50000000000000000000,203.00,78
2023-09,Chicharrón,795.19999999999999999997,835.00,174
2026-01,Huevo con Nopal,191.08333333333333333333,198.00,79
2025-10,Asado,288.33333333333333333332,306.00,123
2024-09,Bistec con Papas,309.91666666666666666665,326.00,120
2026-01,Bistec con Papas,320.16666666666666666665,336.00,109
2025-10,Nopal,82.33333333333333333333,85.00,41
2024-12,Queso,85.00000000000000000000,85.00,49
2025-10,Requesón Picosito,194.50000000000000000000,202.00,73
2026-04,Deshebrada,1768.61666666666666666659,1864.00,353
2025-12,Requeson,138.33333333333333333332,145.00,64
2026-06,Requeson,118.50000000000000000000,124.00,58
2025-05,Barbacoa,389.49999999999999999999,411.00,96
2024-01,Barbacoa,335.99999999999999999999,350.00,82
2024-08,Frijoles con Queso,579.08333333333333333333,593.00,95
2025-12,Nopal,103.00000000000000000000,105.00,43
2024-12,Frijoles con Queso,720.74999999999999999999,748.00,122
2024-01,Bistec con Papas,245.33333333333333333333,255.00,106
2026-02,Papa,165.50000000000000000000,176.00,59
2024-08,Asado,371.74999999999999999998,403.00,150
2025-03,Cochinita,622.99999999999999999997,664.00,189
2024-06,Deshebrada,1733.19999999999999999992,1842.00,367
2025-03,Papa,219.24999999999999999999,226.00,63
2026-06,Pollo con Mole,276.33333333333333333332,291.00,107
2025-12,Huevo Rojo,888.91666666666666666665,922.00,182
2025-08,Huevo Verde,1343.66666666666666666661,1412.00,274
2026-08,Frijoles con Queso,611.56666666666666666666,626.00,115
2025-08,Papa con Chorizo,477.83333333333333333330,506.00,150
2026-06,Bistec con Papas,414.44999999999999999997,446.00,155
2023-11,Bistec con Papas,222.33333333333333333332,236.00,109
2023-12,Deshebrada,2188.49999999999999999998,2290.00,377
2024-10,Requesón Picosito,173.83333333333333333333,182.00,86
2025-09,Requesón Picosito,186.83333333333333333333,195.00,80
2025-10,Frijoles con Queso,465.08333333333333333333,473.00,104
2024-10,Huevo Rojo,714.16666666666666666666,739.00,164
2025-09,Nopal,99.33333333333333333333,101.00,42
2025-02,Asado,264.28333333333333333330,288.00,128
2025-06,Papa,227.00000000000000000000,230.00,65
2024-04,Frijoles con Queso,398.58333333333333333333,405.00,88
2025-06,Frijoles,84.00000000000000000000,86.00,32
2023-08,Chicharrón,305.25000000000000000000,312.00,49
2024-08,Deshebrada,1632.44999999999999999993,1746.00,384
2026-04,Requesón Picosito,220.91666666666666666665,231.00,87
2026-08,Huevo Rojo,842.98333333333333333332,888.00,199
2026-03,Asado,245.33333333333333333331,262.00,110
2024-02,Cochinita,566.66666666666666666665,596.00,167
2024-09,Deshebrada,1696.49999999999999999996,1793.00,337
2025-02,Pollo con Mole,256.41666666666666666666,267.00,98
2024-05,Deshebrada,1739.91666666666666666660,1846.00,369
2023-11,Molida,549.83333333333333333332,571.00,136
2024-03,Huevo Cascabel,542.99999999999999999999,557.00,122
2024-04,Requesón Picosito,139.25000000000000000000,148.00,74
2024-06,Chicharrón,1137.58333333333333333325,1224.00,265
2026-08,Barbacoa,766.69999999999999999999,798.00,158
2026-02,Asado,222.41666666666666666666,236.00,95
2024-02,Papa con Chorizo,375.41666666666666666665,393.00,116
2026-06,Frijoles con Queso,537.03333333333333333333,564.00,127
2024-10,Frijoles con Queso,574.24999999999999999999,583.00,100
2025-05,Huevo con Chorizo,388.58333333333333333333,402.00,142
2026-03,Frijoles con Queso,565.69999999999999999999,587.00,126
2025-12,Huevo con Nopal,164.91666666666666666666,172.00,68
2024-10,Requeson,131.50000000000000000000,134.00,54
2025-05,Cochinita,730.99999999999999999998,768.00,182
2024-07,Barbacoa,416.41666666666666666665,438.00,112
2024-06,Papa con Chorizo,444.66666666666666666665,471.00,156
