periodo,tipo,modificador,veces,renglones,unidades_afectadas
2023-08,EXTRA,Bistec (1 pza.),22,22,26.00
2023-08,EXTRA,Frijoles,18,18,25.00
2023-08,EXTRA,Huevo Estrellado Cocido (2 pzas.),4,4,4.00
2023-08,EXTRA,Huevo Estrellado Medio (2 pzas.),3,3,4.00
2023-08,EXTRA,Huevo Estrellado Tierno (2 pzas.),7,7,8.00
2023-08,EXTRA,Huevo Revuelto (2 pzas.),15,15,15.00
2023-08,EXTRA,Huevo Revuelto (p/relleno),14,14,14.00
2023-08,EXTRA,Queso,1,1,1.00
2023-08,PETICION,Doradita,3,3,4.00
2023-08,PETICION,Escurrida,2,2,5.00
2023-08,PETICION,Poca Lechuga,2,2,2.00
2023-08,PETICION,Sin Aguacate,5,5,5.00
2023-08,PETICION,Sin Crema,12,12,12.00
2023-08,PETICION,Sin Frijoles,3,3,3.00
2023-08,PETICION,Sin Queso,2,2,2.00
2023-08,PETICION,Sin Tomate,2,2,2.00
2023-08,PETICION,Sin Verduras,10,10,10.00
2023-08,VARIANTE,Coca Cola,21,21,93.00
2023-08,VARIANTE,Coca Cola Sin Azúcar,11,11,33.00
2023-08,VARIANTE,Coca Light,5,5,8.00
2023-08,VARIANTE,Delaware,6,6,8.00
2023-08,VARIANTE,Escuis Fresa,2,2,2.00
2023-08,VARIANTE,Escuis Hierro,1,1,1.00
2023-08,VARIANTE,Escuis Manzana,2,2,2.00
2023-08,VARIANTE,Escuis Piña,3,3,4.00
2023-08,VARIANTE,Fanta,2,2,2.00
2023-08,VARIANTE,Migada Delgada,1,1,1.00
2023-08,VARIANTE,Sprite,2,2,2.00
2023-08,VARIANTE,Valle Frut,3,3,4.00
2023-09,EXTRA,Bistec (1 pza.),84,84,97.00
2023-09,EXTRA,Frijoles,23,23,34.00
2023-09,EXTRA,Huevo Estrellado Cocido (2 pzas.),34,34,36.00
2023-09,EXTRA,Huevo Estrellado Medio (2 pzas.),26,26,30.00
2023-09,EXTRA,Huevo Estrellado Tierno (2 pzas.),18,18,19.00
2023-09,EXTRA,Huevo Revuelto (2 pzas.),70,70,88.00
2023-09,EXTRA,Huevo Revuelto (p/relleno),16,16,16.00
2023-09,EXTRA,Queso,30,21,24.00
2023-09,EXTRA,Relleno de Guisados,8,8,8.00
2023-09,PETICION,Doradita,2,2,5.00
2023-09,PETICION,Escurrida,6,6,8.00
2023-09,PETICION,Poca Lechuga,8,8,8.00
2023-09,PETICION,Poco Guiso,1,1,1.00
2023-09,PETICION,Sin Aguacate,31,30,30.00
2023-09,PETICION,Sin Crema,80,79,83.00
2023-09,PETICION,Sin Frijoles,7,7,7.00
2023-09,PETICION,Sin Lechuga,33,32,33.00
2023-09,PETICION,Sin Queso,10,9,9.00
2023-09,PETICION,Sin Tomate,30,29,29.00
2023-09,PETICION,Sin Verduras,19,19,20.00
2023-09,VARIANTE,Coca Cola,51,51,226.00
2023-09,VARIANTE,Coca Cola Sin Azúcar,27,27,66.00
2023-09,VARIANTE,Coca Light,19,19,37.00
2023-09,VARIANTE,Delaware,12,12,15.00
2023-09,VARIANTE,Escuis Fresa,9,9,10.00
2023-09,VARIANTE,Escuis Hierro,6,6,9.00
2023-09,VARIANTE,Escuis Manzana,10,10,13.00
2023-09,VARIANTE,Escuis Piña,9,9,10.00
2023-09,VARIANTE,Fanta,8,8,8.00
2023-09,VARIANTE,Fresca,5,5,5.00
2023-09,VARIANTE,Migada Delgada,4,4,4.00
2023-09,VARIANTE,Naturales,1,1,1.00
2023-09,VARIANTE,Sprite,5,5,6.00
2023-09,VARIANTE,Valle Frut,7,7,7.00
2023-10,EXTRA,Bistec (1 pza.),106,106,127.00
2023-10,EXTRA,Frijoles,38,38,56.00
2023-10,EXTRA,Huevo Estrellado Cocido (2 pzas.),38,38,45.00
2023-10,EXTRA,Huevo Estrellado Medio (2 pzas.),43,43,45.00
2023-10,EXTRA,Huevo Estrellado Tierno (2 pzas.),24,24,24.00
2023-10,EXTRA,Huevo Revuelto (2 pzas.),82,82,98.00
2023-10,EXTRA,Huevo Revuelto (p/relleno),23,23,25.00
2023-10,EXTRA,Queso,30,21,25.00
2023-10,EXTRA,Relleno de Guisados,29,28,29.00
2023-10,PETICION,Doradita,1,1,1.00
2023-10,PETICION,En dos platos,1,1,1.00
2023-10,PETICION,Poca Lechuga,14,14,14.00
2023-10,PETICION,Poco Guiso,1,1,1.00
2023-10,PETICION,Sin Aguacate,20,20,20.00
2023-10,PETICION,Sin Crema,94,94,100.00
2023-10,PETICION,Sin Frijoles,5,5,5.00
2023-10,PETICION,Sin Lechuga,30,30,30.00
2023-10,PETICION,Sin Queso,7,7,8.00
2023-10,PETICION,Sin Tomate,31,31,31.00
2023-10,PETICION,Sin Verduras,18,18,19.00
2023-10,VARIANTE,Coca Cola,57,57,227.00
2023-10,VARIANTE,Coca Cola Sin Azúcar,29,29,90.00
2023-10,VARIANTE,Coca Light,20,20,37.00
2023-10,VARIANTE,Delaware,12,12,18.00
2023-10,VARIANTE,Escuis Fresa,7,7,7.00
2023-10,VARIANTE,Escuis Hierro,8,8,9.00
2023-10,VARIANTE,Escuis Manzana,13,13,17.00
2023-10,VARIANTE,Escuis Piña,5,5,5.00
2023-10,VARIANTE,Fanta,4,4,5.00
2023-10,VARIANTE,Fresca,3,3,3.00
2023-10,VARIANTE,Migada Delgada,1,1,1.00
2023-10,VARIANTE,Naturales,4,4,5.00
2023-10,VARIANTE,Sprite,7,7,7.00
2023-10,VARIANTE,Valle Frut,8,8,8.00
2023-11,EXTRA,Bistec (1 pza.),121,121,140.00
2023-11,EXTRA,Frijoles,36,36,47.00
2023-11,EXTRA,Huevo Estrellado Cocido (2 pzas.),46,46,54.00
2023-11,EXTRA,Huevo Estrellado Medio (2 pzas.),40,40,46.00
2023-11,EXTRA,Huevo Estrellado Tierno (2 pzas.),19,19,20.00
2023-11,EXTRA,Huevo Revuelto (2 pzas.),64,63,71.00
2023-11,EXTRA,Huevo Revuelto (p/relleno),27,27,30.00
2023-11,EXTRA,Queso,27,22,25.00
2023-11,EXTRA,Relleno de Guisados,21,21,22.00
2023-11,PETICION,Doradita,1,1,1.00
2023-11,PETICION,Poca Lechuga,12,12,12.00
2023-11,PETICION,Poco Guiso,1,1,1.00
2023-11,PETICION,Sin Aguacate,24,24,24.00
2023-11,PETICION,Sin Crema,89,89,95.00
2023-11,PETICION,Sin Frijoles,5,5,5.00
2023-11,PETICION,Sin Lechuga,45,45,47.00
2023-11,PETICION,Sin Queso,2,2,2.00
2023-11,PETICION,Sin Tomate,38,37,37.00
2023-11,PETICION,Sin Verduras,14,14,14.00
2023-11,VARIANTE,Coca Cola,49,49,206.00
2023-11,VARIANTE,Coca Cola Sin Azúcar,24,24,79.00
2023-11,VARIANTE,Coca Light,20,20,40.00
2023-11,VARIANTE,Delaware,13,13,21.00
2023-11,VARIANTE,Escuis Fresa,5,5,6.00
2023-11,VARIANTE,Escuis Hierro,6,6,8.00
2023-11,VARIANTE,Escuis Manzana,10,10,12.00
2023-11,VARIANTE,Escuis Piña,8,8,9.00
2023-11,VARIANTE,Fanta,7,7,10.00
2023-11,VARIANTE,Fresca,5,5,6.00
2023-11,VARIANTE,Migada Delgada,5,4,5.00
2023-11,VARIANTE,Naturales,4,4,5.00
2023-11,VARIANTE,Sprite,2,2,3.00
2023-11,VARIANTE,Valle Frut,3,3,4.00
2023-12,EXTRA,Bistec (1 pza.),199,198,248.00
2023-12,EXTRA,Frijoles,28,28,47.00
2023-12,EXTRA,Huevo Estrellado Cocido (2 pzas.),57,57,62.00
2023-12,EXTRA,Huevo Estrellado Medio (2 pzas.),66,65,77.00
2023-12,EXTRA,Huevo Estrellado Tierno (2 pzas.),36,36,39.00
2023-12,EXTRA,Huevo Revuelto (2 pzas.),94,93,114.00
2023-12,EXTRA,Huevo Revuelto (p/relleno),41,41,42.00
2023-12,EXTRA,Queso,49,30,31.00
2023-12,EXTRA,Relleno de Guisados,32,32,32.00
2023-12,PETICION,Doradita,1,1,2.00
2023-12,PETICION,En dos platos,1,1,1.00
2023-12,PETICION,Escurrida,15,15,28.00
2023-12,PETICION,Frijoles Aparte,1,1,1.00
2023-12,PETICION,Poca Lechuga,18,18,19.00
2023-12,PETICION,Poco Frijol,1,1,1.00
2023-12,PETICION,Poco Guiso,1,1,1.00
2023-12,PETICION,Sin Aguacate,48,48,53.00
2023-12,PETICION,Sin Crema,147,147,159.00
2023-12,PETICION,Sin Frijoles,22,22,23.00
2023-12,PETICION,Sin Lechuga,47,47,49.00
2023-12,PETICION,Sin Queso,10,10,10.00
2023-12,PETICION,Sin Tomate,59,59,61.00
2023-12,PETICION,Sin Verduras,42,42,47.00
2023-12,PETICION,Verdura Aparte,3,3,3.00
2023-12,VARIANTE,Coca Cola,59,59,283.00
2023-12,VARIANTE,Coca Cola Sin Azúcar,27,27,85.00
2023-12,VARIANTE,Coca Light,21,21,44.00
2023-12,VARIANTE,Crema,14,14,15.00
2023-12,VARIANTE,Delaware,17,17,30.00
2023-12,VARIANTE,Escuis Fresa,10,10,16.00
2023-12,VARIANTE,Escuis Hierro,9,9,13.00
2023-12,VARIANTE,Escuis Manzana,11,11,14.00
2023-12,VARIANTE,Escuis Piña,11,11,11.00
2023-12,VARIANTE,Fanta,8,8,11.00
2023-12,VARIANTE,Fresca,4,4,5.00
2023-12,VARIANTE,Lechera,10,10,15.00
2023-12,VARIANTE,Mantequilla,24,21,61.00
2023-12,VARIANTE,Mermelada de Fresa,1,1,1.00
2023-12,VARIANTE,Migada Delgada,8,7,8.00
2023-12,VARIANTE,Natural,3,3,3.00
2023-12,VARIANTE,Naturales,9,9,11.00
2023-12,VARIANTE,Pan Chico Pieza,19,19,38.00
2023-12,VARIANTE,Sprite,5,5,6.00
2023-12,VARIANTE,Valle Frut,10,10,13.00
2024-01,EXTRA,Bistec (1 pza.),153,153,186.00
2024-01,EXTRA,Frijoles,35,35,40.00
2024-01,EXTRA,Huevo Estrellado Cocido (2 pzas.),51,51,55.00
2024-01,EXTRA,Huevo Estrellado Medio (2 pzas.),57,57,63.00
2024-01,EXTRA,Huevo Estrellado Tierno (2 pzas.),16,16,17.00
2024-01,EXTRA,Huevo Revuelto (2 pzas.),70,70,79.00
2024-01,EXTRA,Huevo Revuelto (p/relleno),33,33,34.00
2024-01,EXTRA,Queso,48,35,41.00
2024-01,EXTRA,Relleno de Guisados,29,26,27.00
2024-01,PETICION,Doradita,10,10,12.00
2024-01,PETICION,En dos platos,1,1,1.00
2024-01,PETICION,Escurrida,50,48,109.00
2024-01,PETICION,Frijoles Aparte,4,4,6.00
2024-01,PETICION,Poca Lechuga,12,12,12.00
2024-01,PETICION,Poco Frijol,1,1,1.00
2024-01,PETICION,Poco Guiso,2,2,2.00
2024-01,PETICION,Sin Aguacate,36,36,36.00
2024-01,PETICION,Sin Crema,119,119,123.00
2024-01,PETICION,Sin Frijoles,10,10,11.00
2024-01,PETICION,Sin Lechuga,32,32,32.00
2024-01,PETICION,Sin Queso,13,13,13.00
2024-01,PETICION,Sin Tomate,31,31,31.00
2024-01,PETICION,Sin Verduras,35,35,42.00
2024-01,PETICION,Verdura Aparte,5,5,7.00
2024-01,VARIANTE,Coca Cola,55,55,235.00
2024-01,VARIANTE,Coca Cola Sin Azúcar,24,24,60.00
2024-01,VARIANTE,Coca Light,20,20,39.00
2024-01,VARIANTE,Crema,19,19,22.00
2024-01,VARIANTE,Delaware,15,15,17.00
2024-01,VARIANTE,Escuis Fresa,3,3,3.00
2024-01,VARIANTE,Escuis Hierro,6,6,8.00
2024-01,VARIANTE,Escuis Manzana,13,13,19.00
2024-01,VARIANTE,Escuis Piña,7,7,9.00
2024-01,VARIANTE,Fanta,5,5,6.00
2024-01,VARIANTE,Fresca,4,4,4.00
2024-01,VARIANTE,Leche Aparte,1,1,1.00
2024-01,VARIANTE,Lechera,13,11,13.00
2024-01,VARIANTE,Lechero,3,3,4.00
2024-01,VARIANTE,Mantequilla,23,22,68.00
2024-01,VARIANTE,Migada Delgada,2,2,2.00
2024-01,VARIANTE,Natural,7,7,9.00
2024-01,VARIANTE,Naturales,14,14,17.00
2024-01,VARIANTE,Normal,9,9,111.00
2024-01,VARIANTE,Pan Chico Pieza,27,27,90.00
2024-01,VARIANTE,Poca leche,2,2,3.00
2024-01,VARIANTE,Sprite,7,7,9.00
2024-01,VARIANTE,Valle Frut,6,6,8.00
2024-02,EXTRA,Bistec (1 pza.),142,142,173.00
2024-02,EXTRA,Frijoles,34,34,47.00
2024-02,EXTRA,Huevo Estrellado Cocido (2 pzas.),45,45,54.00
2024-02,EXTRA,Huevo Estrellado Medio (2 pzas.),41,41,42.00
2024-02,EXTRA,Huevo Estrellado Tierno (2 pzas.),40,40,45.00
2024-02,EXTRA,Huevo Revuelto (2 pzas.),62,62,69.00
2024-02,EXTRA,Huevo Revuelto (p/relleno),39,39,41.00
2024-02,EXTRA,Queso,45,31,37.00
2024-02,EXTRA,Relleno de Guisados,36,36,37.00
2024-02,PETICION,Doradita,1,1,1.00
2024-02,PETICION,En dos platos,2,2,2.00
2024-02,PETICION,Escurrida,35,25,53.00
2024-02,PETICION,Frijoles Aparte,1,1,1.00
2024-02,PETICION,Poca Lechuga,11,11,11.00
2024-02,PETICION,Poco Frijol,4,4,4.00
2024-02,PETICION,Sin Aguacate,29,29,29.00
2024-02,PETICION,Sin Crema,129,129,133.00
2024-02,PETICION,Sin Frijoles,17,17,17.00
2024-02,PETICION,Sin Lechuga,34,34,34.00
2024-02,PETICION,Sin Queso,13,13,13.00
2024-02,PETICION,Sin Tomate,36,36,37.00
2024-02,PETICION,Sin Verduras,31,31,41.00
2024-02,PETICION,Verdura Aparte,3,3,3.00
2024-02,VARIANTE,Coca Cola,55,55,207.00
2024-02,VARIANTE,Coca Cola Sin Azúcar,24,24,78.00
2024-02,VARIANTE,Coca Light,19,19,29.00
2024-02,VARIANTE,Crema,9,9,9.00
2024-02,VARIANTE,Delaware,11,11,17.00
2024-02,VARIANTE,Diluido con Agua,1,1,1.00
2024-02,VARIANTE,Escuis Fresa,6,6,6.00
2024-02,VARIANTE,Escuis Hierro,7,7,9.00
2024-02,VARIANTE,Escuis Manzana,13,13,14.00
2024-02,VARIANTE,Escuis Piña,5,5,5.00
2024-02,VARIANTE,Fanta,3,3,3.00
2024-02,VARIANTE,Fresca,3,3,3.00
2024-02,VARIANTE,Leche Aparte,8,8,15.00
2024-02,VARIANTE,Lechera,9,9,11.00
2024-02,VARIANTE,Lechero,15,15,23.00
2024-02,VARIANTE,Mantequilla,27,26,87.00
2024-02,VARIANTE,Migada Delgada,5,5,5.00
2024-02,VARIANTE,Natural,3,3,4.00
2024-02,VARIANTE,Naturales,11,11,12.00
2024-02,VARIANTE,Normal,56,56,789.00
2024-02,VARIANTE,Pan Chico Pieza,27,27,101.00
2024-02,VARIANTE,Poca leche,7,7,7.00
2024-02,VARIANTE,Sprite,4,4,4.00
2024-02,VARIANTE,Valle Frut,1,1,1.00
2024-03,EXTRA,Bistec (1 pza.),151,151,177.00
2024-03,EXTRA,Frijoles,28,28,39.00
2024-03,EXTRA,Huevo Estrellado Cocido (2 pzas.),39,38,43.00
2024-03,EXTRA,Huevo Estrellado Medio (2 pzas.),53,53,64.00
2024-03,EXTRA,Huevo Estrellado Tierno (2 pzas.),31,31,39.00
2024-03,EXTRA,Huevo Revuelto (2 pzas.),69,69,79.00
2024-03,EXTRA,Huevo Revuelto (p/relleno),39,39,45.00
2024-03,EXTRA,Queso,68,50,58.00
2024-03,EXTRA,Relleno de Guisados,21,21,21.00
2024-03,PETICION,Doradita,3,3,5.00
2024-03,PETICION,En dos platos,2,2,2.00
2024-03,PETICION,Escurrida,16,13,40.00
2024-03,PETICION,Frijoles Aparte,17,16,17.00
2024-03,PETICION,Poca Lechuga,13,13,15.00
2024-03,PETICION,Poco Frijol,5,5,5.00
2024-03,PETICION,Poco Guiso,5,5,5.00
2024-03,PETICION,Sin Aguacate,48,48,48.00
2024-03,PETICION,Sin Crema,171,165,181.00
2024-03,PETICION,Sin Frijoles,16,16,16.00
2024-03,PETICION,Sin Lechuga,74,73,74.00
2024-03,PETICION,Sin Queso,20,20,20.00
2024-03,PETICION,Sin Tomate,72,71,72.00
2024-03,PETICION,Sin Verduras,45,45,46.00
2024-03,PETICION,Verdura Aparte,18,18,19.00
2024-03,VARIANTE,Coca Cola,59,59,271.00
2024-03,VARIANTE,Coca Cola Sin Azúcar,27,27,78.00
2024-03,VARIANTE,Coca Light,22,22,37.00
2024-03,VARIANTE,Crema,11,11,16.00
2024-03,VARIANTE,Delaware,18,18,20.00
2024-03,VARIANTE,Escuis Fresa,6,6,6.00
2024-03,VARIANTE,Escuis Hierro,5,5,5.00
2024-03,VARIANTE,Escuis Manzana,8,8,11.00
2024-03,VARIANTE,Escuis Piña,7,7,7.00
2024-03,VARIANTE,Fanta,5,5,7.00
2024-03,VARIANTE,Fresca,8,8,9.00
2024-03,VARIANTE,Leche Aparte,4,4,5.00
2024-03,VARIANTE,Lechera,14,14,18.00
2024-03,VARIANTE,Lechero,13,13,15.00
2024-03,VARIANTE,Mantequilla,24,20,48.00
2024-03,VARIANTE,Migada Delgada,3,2,3.00
2024-03,VARIANTE,Natural,4,4,4.00
2024-03,VARIANTE,Naturales,6,6,6.00
2024-03,VARIANTE,Normal,62,62,755.00
2024-03,VARIANTE,Pan Chico Pieza,19,19,47.00
2024-03,VARIANTE,Pan Grande Pieza,2,2,3.00
2024-03,VARIANTE,Poca leche,7,7,7.00
2024-03,VARIANTE,Sprite,6,6,8.00
2024-03,VARIANTE,Valle Frut,6,6,8.00
2024-04,EXTRA,Bistec (1 pza.),140,140,162.00
2024-04,EXTRA,Frijoles,27,27,40.00
2024-04,EXTRA,Huevo Estrellado Ciego (2 pzas.),2,2,2.00
2024-04,EXTRA,Huevo Estrellado Cocido (2 pzas.),45,45,50.00
2024-04,EXTRA,Huevo Estrellado Medio (2 pzas.),40,40,42.00
2024-04,EXTRA,Huevo Estrellado Tierno (2 pzas.),26,26,29.00
2024-04,EXTRA,Huevo Revuelto (2 pzas.),85,83,99.00
2024-04,EXTRA,Huevo Revuelto (p/relleno),52,52,53.00
2024-04,EXTRA,Queso,49,35,38.00
2024-04,EXTRA,Relleno de Guisados,14,14,14.00
2024-04,PETICION,Doradita,5,5,7.00
2024-04,PETICION,En dos platos,1,1,1.00
2024-04,PETICION,Escurrida,20,20,58.00
2024-04,PETICION,Frijoles Aparte,17,17,17.00
2024-04,PETICION,Poca Lechuga,23,23,23.00
2024-04,PETICION,Poco Frijol,7,7,7.00
2024-04,PETICION,Poco Guiso,2,2,2.00
2024-04,PETICION,Sin Aguacate,40,34,35.00
2024-04,PETICION,Sin Crema,121,121,128.00
2024-04,PETICION,Sin Frijoles,9,9,12.00
2024-04,PETICION,Sin Lechuga,47,47,49.00
2024-04,PETICION,Sin Queso,7,7,8.00
2024-04,PETICION,Sin Tomate,69,63,65.00
2024-04,PETICION,Sin Verduras,28,28,32.00
2024-04,PETICION,Verdura Aparte,20,18,18.00
2024-04,VARIANTE,Coca Cola,56,56,242.00
2024-04,VARIANTE,Coca Cola Sin Azúcar,22,22,61.00
2024-04,VARIANTE,Coca Light,23,23,53.00
2024-04,VARIANTE,Crema,10,10,13.00
2024-04,VARIANTE,Delaware,8,8,13.00
2024-04,VARIANTE,Escuis Fresa,5,5,6.00
2024-04,VARIANTE,Escuis Hierro,6,6,9.00
2024-04,VARIANTE,Escuis Manzana,19,19,29.00
2024-04,VARIANTE,Escuis Piña,2,2,2.00
2024-04,VARIANTE,Fanta,8,8,9.00
2024-04,VARIANTE,Fresca,7,7,9.00
2024-04,VARIANTE,Leche Aparte,12,12,22.00
2024-04,VARIANTE,Lechera,9,9,9.00
2024-04,VARIANTE,Lechero,18,18,36.00
2024-04,VARIANTE,Mantequilla,17,17,27.00
2024-04,VARIANTE,Migada Delgada,3,3,3.00
2024-04,VARIANTE,Natural,5,5,5.00
2024-04,VARIANTE,Naturales,8,8,10.00
2024-04,VARIANTE,Normal,60,60,686.00
2024-04,VARIANTE,Pan Chico Pieza,26,26,87.00
2024-04,VARIANTE,Poca leche,5,5,5.00
2024-04,VARIANTE,Sprite,8,8,10.00
2024-04,VARIANTE,Valle Frut,8,8,8.00
2024-05,EXTRA,Bistec (1 pza.),181,181,232.00
2024-05,EXTRA,Frijoles,25,24,30.00
2024-05,EXTRA,Huevo Estrellado Ciego (2 pzas.),4,4,4.00
2024-05,EXTRA,Huevo Estrellado Cocido (2 pzas.),55,54,64.00
2024-05,EXTRA,Huevo Estrellado Medio (2 pzas.),74,74,83.00
2024-05,EXTRA,Huevo Estrellado Tierno (2 pzas.),28,28,30.00
2024-05,EXTRA,Huevo Revuelto (2 pzas.),84,84,95.00
2024-05,EXTRA,Huevo Revuelto (p/relleno),52,52,60.00
2024-05,EXTRA,Queso,75,59,72.00
2024-05,EXTRA,Relleno de Guisados,31,31,33.00
2024-05,PETICION,Doradita,44,42,64.00
2024-05,PETICION,En dos platos,12,12,16.00
2024-05,PETICION,Escurrida,21,19,40.00
2024-05,PETICION,Frijoles Aparte,20,17,19.00
2024-05,PETICION,Poca Lechuga,23,23,24.00
2024-05,PETICION,Poco Frijol,7,7,7.00
2024-05,PETICION,Poco Guiso,2,2,2.00
2024-05,PETICION,Sin Aguacate,46,46,47.00
2024-05,PETICION,Sin Crema,183,178,189.00
2024-05,PETICION,Sin Frijoles,19,19,19.00
2024-05,PETICION,Sin Lechuga,70,62,65.00
2024-05,PETICION,Sin Queso,18,18,18.00
2024-05,PETICION,Sin Tomate,66,66,69.00
2024-05,PETICION,Sin Verduras,41,41,47.00
2024-05,PETICION,Verdura Aparte,31,20,20.00
2024-05,VARIANTE,Bocol delgado,4,4,10.00
2024-05,VARIANTE,Coca Cola,59,59,344.00
2024-05,VARIANTE,Coca Cola Sin Azúcar,31,31,132.00
2024-05,VARIANTE,Coca Light,28,28,86.00
2024-05,VARIANTE,Crema,11,11,13.00
2024-05,VARIANTE,Delaware,13,13,22.00
2024-05,VARIANTE,Escuis Fresa,8,8,11.00
2024-05,VARIANTE,Escuis Hierro,5,5,6.00
2024-05,VARIANTE,Escuis Manzana,13,13,18.00
2024-05,VARIANTE,Escuis Piña,7,7,9.00
2024-05,VARIANTE,Fanta,6,6,10.00
2024-05,VARIANTE,Fresca,9,9,11.00
2024-05,VARIANTE,Leche Aparte,11,11,14.00
2024-05,VARIANTE,Lechera,12,12,15.00
2024-05,VARIANTE,Lechero,18,18,25.00
2024-05,VARIANTE,Mantequilla,16,16,43.00
2024-05,VARIANTE,Migada Delgada,6,6,8.00
2024-05,VARIANTE,Natural,8,8,11.00
2024-05,VARIANTE,Naturales,10,7,7.00
2024-05,VARIANTE,Normal,61,61,915.00
2024-05,VARIANTE,Pan Chico Pieza,27,27,127.00
2024-05,VARIANTE,Poca leche,11,11,16.00
2024-05,VARIANTE,Sprite,5,5,5.00
2024-05,VARIANTE,Valle Frut,4,4,4.00
2024-06,EXTRA,Bistec (1 pza.),188,188,234.00
2024-06,EXTRA,Frijoles,45,45,66.00
2024-06,EXTRA,Huevo Estrellado Ciego (2 pzas.),3,3,3.00
2024-06,EXTRA,Huevo Estrellado Cocido (2 pzas.),65,65,83.00
2024-06,EXTRA,Huevo Estrellado Medio (2 pzas.),56,56,66.00
2024-06,EXTRA,Huevo Estrellado Tierno (2 pzas.),33,33,36.00
2024-06,EXTRA,Huevo Revuelto (2 pzas.),87,87,105.00
2024-06,EXTRA,Huevo Revuelto (p/relleno),55,55,59.00
2024-06,EXTRA,Queso,81,60,64.00
2024-06,EXTRA,Queso Extra Pieza,2,1,1.00
2024-06,EXTRA,Relleno de Guisados,43,43,44.00
2024-06,PETICION,Doradita,23,23,30.00
2024-06,PETICION,En dos platos,15,14,15.00
2024-06,PETICION,Escurrida,21,20,41.00
2024-06,PETICION,Frijoles Aparte,18,16,16.00
2024-06,PETICION,Poca Lechuga,19,19,19.00
2024-06,PETICION,Poco Frijol,2,2,2.00
2024-06,PETICION,Poco Guiso,2,2,2.00
2024-06,PETICION,Sin Aguacate,54,54,54.00
2024-06,PETICION,Sin Crema,171,167,182.00
2024-06,PETICION,Sin Frijoles,20,20,21.00
2024-06,PETICION,Sin Lechuga,64,64,65.00
2024-06,PETICION,Sin Queso,11,11,11.00
2024-06,PETICION,Sin Tomate,73,73,74.00
2024-06,PETICION,Sin Verduras,70,70,80.00
2024-06,PETICION,Verdura Aparte,15,15,16.00
2024-06,VARIANTE,Bocol delgado,8,8,8.00
2024-06,VARIANTE,Coca Cola,55,55,357.00
2024-06,VARIANTE,Coca Cola Sin Azúcar,23,23,117.00
2024-06,VARIANTE,Coca Light,27,27,101.00
2024-06,VARIANTE,Crema,12,12,16.00
2024-06,VARIANTE,Delaware,16,16,26.00
2024-06,VARIANTE,Diluido con Agua,2,2,2.00
2024-06,VARIANTE,Escuis Fresa,9,9,9.00
2024-06,VARIANTE,Escuis Hierro,10,10,13.00
2024-06,VARIANTE,Escuis Manzana,12,12,18.00
2024-06,VARIANTE,Escuis Piña,3,3,4.00
2024-06,VARIANTE,Fanta,12,12,16.00
2024-06,VARIANTE,Fresca,5,5,6.00
2024-06,VARIANTE,Leche Aparte,15,15,31.00
2024-06,VARIANTE,Lechera,11,11,12.00
2024-06,VARIANTE,Lechero,13,13,21.00
2024-06,VARIANTE,Mantequilla,34,30,84.00
2024-06,VARIANTE,Mermelada de Fresa,1,1,1.00
2024-06,VARIANTE,Migada Delgada,3,2,3.00
2024-06,VARIANTE,Natural,2,2,2.00
2024-06,VARIANTE,Naturales,1,1,1.00
2024-06,VARIANTE,Normal,60,60,828.00
2024-06,VARIANTE,Pan Chico Pieza,27,27,122.00
2024-06,VARIANTE,Pan Grande Pieza,1,1,1.00
2024-06,VARIANTE,Poca leche,16,16,95.00
2024-06,VARIANTE,Sprite,8,8,11.00
2024-06,VARIANTE,Valle Frut,7,7,10.00
2024-07,EXTRA,Bistec (1 pza.),158,158,198.00
2024-07,EXTRA,Frijoles,38,38,49.00
2024-07,EXTRA,Huevo Estrellado Ciego (2 pzas.),5,5,5.00
2024-07,EXTRA,Huevo Estrellado Cocido (2 pzas.),54,54,62.00
2024-07,EXTRA,Huevo Estrellado Medio (2 pzas.),56,56,71.00
2024-07,EXTRA,Huevo Estrellado Tierno (2 pzas.),36,36,39.00
2024-07,EXTRA,Huevo Revuelto (2 pzas.),70,70,89.00
2024-07,EXTRA,Huevo Revuelto (p/relleno),51,45,46.00
2024-07,EXTRA,Queso,78,54,60.00
2024-07,EXTRA,Queso Extra Pieza,11,5,5.00
2024-07,EXTRA,Relleno de Guisados,35,35,36.00
2024-07,PETICION,Doradita,40,36,57.00
2024-07,PETICION,En dos platos,10,10,10.00
2024-07,PETICION,Escurrida,32,32,66.00
2024-07,PETICION,Frijoles Aparte,17,17,17.00
2024-07,PETICION,Poca Lechuga,26,26,28.00
2024-07,PETICION,Poco Frijol,3,3,3.00
2024-07,PETICION,Poco Guiso,2,2,2.00
2024-07,PETICION,Sin Aguacate,51,51,53.00
2024-07,PETICION,Sin Crema,160,160,172.00
2024-07,PETICION,Sin Frijoles,22,22,24.00
2024-07,PETICION,Sin Lechuga,72,72,76.00
2024-07,PETICION,Sin Queso,22,22,23.00
2024-07,PETICION,Sin Tomate,73,73,76.00
2024-07,PETICION,Sin Verduras,52,52,57.00
2024-07,PETICION,Verdura Aparte,19,19,20.00
2024-07,VARIANTE,Bocol delgado,6,4,10.00
2024-07,VARIANTE,Coca Cola,55,55,365.00
2024-07,VARIANTE,Coca Cola Sin Azúcar,12,12,56.00
2024-07,VARIANTE,Coca Light,29,29,113.00
2024-07,VARIANTE,Crema,16,16,19.00
2024-07,VARIANTE,Delaware,20,20,27.00
2024-07,VARIANTE,Diluido con Agua,2,2,2.00
2024-07,VARIANTE,Escuis Fresa,9,9,11.00
2024-07,VARIANTE,Escuis Hierro,9,9,11.00
2024-07,VARIANTE,Escuis Manzana,15,15,24.00
2024-07,VARIANTE,Escuis Piña,10,10,12.00
2024-07,VARIANTE,Fanta,10,10,11.00
2024-07,VARIANTE,Fresca,6,6,6.00
2024-07,VARIANTE,Leche Aparte,28,28,58.00
2024-07,VARIANTE,Lechera,13,13,15.00
2024-07,VARIANTE,Lechero,13,13,25.00
2024-07,VARIANTE,Mantequilla,38,35,86.00
2024-07,VARIANTE,Medio,1,1,1.00
2024-07,VARIANTE,Mermelada de Fresa,2,2,3.00
2024-07,VARIANTE,Mermelada de Zarzamora,1,1,1.00
2024-07,VARIANTE,Migada Delgada,12,8,16.00
2024-07,VARIANTE,Natural,4,4,4.00
2024-07,VARIANTE,Naturales,15,15,16.00
2024-07,VARIANTE,Normal,62,62,993.00
2024-07,VARIANTE,Pan Chico Pieza,30,30,160.00
2024-07,VARIANTE,Pan Grande Pieza,1,1,1.00
2024-07,VARIANTE,Poca leche,15,15,60.00
2024-07,VARIANTE,Sprite,10,10,13.00
2024-07,VARIANTE,Tierno,3,3,3.00
2024-07,VARIANTE,Valle Frut,18,18,27.00
2024-08,EXTRA,Bistec (1 pza.),141,141,173.00
2024-08,EXTRA,Frijoles,56,55,87.00
2024-08,EXTRA,Huevo Estrellado Ciego (2 pzas.),12,12,13.00
2024-08,EXTRA,Huevo Estrellado Cocido (2 pzas.),52,52,62.00
2024-08,EXTRA,Huevo Estrellado Medio (2 pzas.),55,55,68.00
2024-08,EXTRA,Huevo Estrellado Tierno (2 pzas.),37,37,40.00
2024-08,EXTRA,Huevo Revuelto (2 pzas.),73,73,81.00
2024-08,EXTRA,Huevo Revuelto (p/relleno),58,56,58.00
2024-08,EXTRA,Queso,81,62,62.00
2024-08,EXTRA,Queso Extra Pieza,19,7,7.00
2024-08,EXTRA,Relleno de Guisados,47,47,47.00
2024-08,PETICION,Doradita,14,10,14.00
2024-08,PETICION,En dos platos,49,22,50.00
2024-08,PETICION,Escurrida,3,2,3.00
2024-08,PETICION,Frijoles Aparte,21,21,23.00
2024-08,PETICION,Poca Lechuga,22,22,23.00
2024-08,PETICION,Poco Frijol,2,2,2.00
2024-08,PETICION,Poco Guiso,2,2,2.00
2024-08,PETICION,Sin Aguacate,46,46,46.00
2024-08,PETICION,Sin Crema,133,133,140.00
2024-08,PETICION,Sin Frijoles,32,32,33.00
2024-08,PETICION,Sin Lechuga,67,67,70.00
2024-08,PETICION,Sin Queso,20,19,19.00
2024-08,PETICION,Sin Tomate,68,68,68.00
2024-08,PETICION,Sin Verduras,51,51,55.00
2024-08,PETICION,Verdura Aparte,16,16,18.00
2024-08,VARIANTE,Bocol delgado,6,3,6.00
2024-08,VARIANTE,Coca Cola,55,55,311.00
2024-08,VARIANTE,Coca Cola Sin Azúcar,28,28,125.00
2024-08,VARIANTE,Coca Light,24,24,71.00
2024-08,VARIANTE,Cocido,5,5,5.00
2024-08,VARIANTE,Crema,16,16,23.00
2024-08,VARIANTE,Delaware,23,23,34.00
2024-08,VARIANTE,Diluido con Agua,2,2,2.00
2024-08,VARIANTE,Escuis Fresa,8,8,10.00
2024-08,VARIANTE,Escuis Hierro,6,6,8.00
2024-08,VARIANTE,Escuis Manzana,15,15,23.00
2024-08,VARIANTE,Escuis Piña,4,4,5.00
2024-08,VARIANTE,Fanta,4,4,4.00
2024-08,VARIANTE,Fresca,6,6,6.00
2024-08,VARIANTE,Leche Aparte,10,10,18.00
2024-08,VARIANTE,Lechera,14,14,19.00
2024-08,VARIANTE,Lechero,9,9,15.00
2024-08,VARIANTE,Mantequilla,29,29,83.00
2024-08,VARIANTE,Medio,5,5,6.00
2024-08,VARIANTE,Mermelada de Fresa,2,2,3.00
2024-08,VARIANTE,Migada Delgada,9,6,9.00
2024-08,VARIANTE,Natural,9,9,16.00
2024-08,VARIANTE,Naturales,11,11,12.00
2024-08,VARIANTE,Normal,62,62,1029.00
2024-08,VARIANTE,Pan Chico Pieza,28,28,122.00
2024-08,VARIANTE,Pan Grande Pieza,1,1,1.00
2024-08,VARIANTE,Poca leche,6,6,6.00
2024-08,VARIANTE,Sprite,7,7,7.00
2024-08,VARIANTE,Valle Frut,11,11,13.00
2024-09,EXTRA,Bistec (1 pza.),129,129,155.00
2024-09,EXTRA,Doble Guiso,4,4,4.00
2024-09,EXTRA,Frijoles,50,50,82.00
2024-09,EXTRA,Huevo Estrellado Ciego (2 pzas.),7,7,7.00
2024-09,EXTRA,Huevo Estrellado Cocido (2 pzas.),50,50,60.00
2024-09,EXTRA,Huevo Estrellado Medio (2 pzas.),57,57,66.00
2024-09,EXTRA,Huevo Estrellado Tierno (2 pzas.),28,28,30.00
2024-09,EXTRA,Huevo Revuelto (2 pzas.),67,67,73.00
2024-09,EXTRA,Huevo Revuelto (p/relleno),54,39,45.00
2024-09,EXTRA,Queso,52,39,45.00
2024-09,EXTRA,Queso Extra Pieza,10,3,3.00
2024-09,EXTRA,Relleno de Guisados,36,36,39.00
2024-09,PETICION,Doradita,12,12,17.00
2024-09,PETICION,En dos platos,5,4,4.00
2024-09,PETICION,Escurrida,11,11,19.00
2024-09,PETICION,Frijoles Aparte,25,24,25.00
2024-09,PETICION,Poca Lechuga,19,19,19.00
2024-09,PETICION,Poco Frijol,1,1,1.00
2024-09,PETICION,Poco Guiso,3,3,3.00
2024-09,PETICION,Sin Aguacate,31,31,32.00
2024-09,PETICION,Sin Crema,130,130,137.00
2024-09,PETICION,Sin Frijoles,19,19,20.00
2024-09,PETICION,Sin Lechuga,55,55,56.00
2024-09,PETICION,Sin Queso,7,7,7.00
2024-09,PETICION,Sin Tomate,88,65,66.00
2024-09,PETICION,Sin Verduras,42,42,49.00
2024-09,PETICION,Verdura Aparte,11,11,12.00
2024-09,VARIANTE,Bocol delgado,27,19,32.00
2024-09,VARIANTE,Ciego,1,1,1.00
2024-09,VARIANTE,Coca Cola,60,60,303.00
2024-09,VARIANTE,Coca Cola Sin Azúcar,28,28,117.00
2024-09,VARIANTE,Coca Light,24,24,71.00
2024-09,VARIANTE,Cocido,3,3,3.00
2024-09,VARIANTE,Crema,14,14,16.00
2024-09,VARIANTE,Delaware,13,13,22.00
2024-09,VARIANTE,Diluido con Agua,2,2,3.00
2024-09,VARIANTE,Escuis Fresa,5,5,5.00
2024-09,VARIANTE,Escuis Hierro,6,6,8.00
2024-09,VARIANTE,Escuis Manzana,11,11,15.00
2024-09,VARIANTE,Escuis Piña,6,6,6.00
2024-09,VARIANTE,Fanta,8,8,10.00
2024-09,VARIANTE,Fresca,4,4,4.00
2024-09,VARIANTE,Leche Aparte,9,9,17.00
2024-09,VARIANTE,Lechera,22,22,30.00
2024-09,VARIANTE,Lechero,13,13,23.00
2024-09,VARIANTE,Mantequilla,30,30,95.00
2024-09,VARIANTE,Medio,5,5,6.00
2024-09,VARIANTE,Mermelada de Fresa,4,4,12.00
2024-09,VARIANTE,Migada Delgada,11,8,12.00
2024-09,VARIANTE,Natural,7,7,7.00
2024-09,VARIANTE,Naturales,7,7,8.00
2024-09,VARIANTE,Normal,60,60,1078.00
2024-09,VARIANTE,Pan Chico Pieza,30,30,131.00
2024-09,VARIANTE,Poca leche,13,13,16.00
2024-09,VARIANTE,Sprite,5,5,6.00
2024-09,VARIANTE,Tierno,1,1,1.00
2024-09,VARIANTE,Valle Frut,12,12,17.00
2024-10,EXTRA,Bistec (1 pza.),118,118,142.00
2024-10,EXTRA,Doble Guiso,15,15,18.00
2024-10,EXTRA,Frijoles,41,41,102.00
2024-10,EXTRA,Huevo Estrellado Ciego (2 pzas.),7,7,7.00
2024-10,EXTRA,Huevo Estrellado Cocido (2 pzas.),45,45,51.00
2024-10,EXTRA,Huevo Estrellado Medio (2 pzas.),49,49,59.00
2024-10,EXTRA,Huevo Estrellado Tierno (2 pzas.),28,28,29.00
2024-10,EXTRA,Huevo Revuelto (2 pzas.),62,62,68.00
2024-10,EXTRA,Huevo Revuelto (p/relleno),39,39,43.00
2024-10,EXTRA,Queso,69,46,61.00
2024-10,EXTRA,Queso Extra Pieza,16,7,7.00
2024-10,EXTRA,Relleno de Guisados,40,40,40.00
2024-10,PETICION,Doradita,41,41,58.00
2024-10,PETICION,En dos platos,13,13,13.00
2024-10,PETICION,Escurrida,7,7,12.00
2024-10,PETICION,Frijoles Aparte,17,17,17.00
2024-10,PETICION,Poca Lechuga,22,22,22.00
2024-10,PETICION,Poco Frijol,2,2,2.00
2024-10,PETICION,Sin Aguacate,25,25,25.00
2024-10,PETICION,Sin Crema,106,106,107.00
2024-10,PETICION,Sin Frijoles,9,9,9.00
2024-10,PETICION,Sin Lechuga,64,64,66.00
2024-10,PETICION,Sin Queso,10,10,10.00
2024-10,PETICION,Sin Tomate,66,66,67.00
2024-10,PETICION,Sin Verduras,20,20,20.00
2024-10,PETICION,Verdura Aparte,17,17,17.00
2024-10,VARIANTE,Bocol delgado,14,9,13.00
2024-10,VARIANTE,Coca Cola,61,61,268.00
2024-10,VARIANTE,Coca Cola Sin Azúcar,30,30,88.00
2024-10,VARIANTE,Coca Light,25,25,54.00
2024-10,VARIANTE,Cocido,2,2,2.00
2024-10,VARIANTE,Crema,19,18,23.00
2024-10,VARIANTE,Delaware,13,13,15.00
2024-10,VARIANTE,Diluido con Agua,2,2,2.00
2024-10,VARIANTE,Escuis Fresa,6,6,8.00
2024-10,VARIANTE,Escuis Hierro,4,4,4.00
2024-10,VARIANTE,Escuis Manzana,12,12,15.00
2024-10,VARIANTE,Escuis Piña,4,4,4.00
2024-10,VARIANTE,Fanta,7,7,8.00
2024-10,VARIANTE,Fresca,5,5,5.00
2024-10,VARIANTE,Leche Aparte,19,19,34.00
2024-10,VARIANTE,Lechera,14,14,17.00
2024-10,VARIANTE,Lechero,18,18,34.00
2024-10,VARIANTE,Mantequilla,35,33,108.00
2024-10,VARIANTE,Medio,4,4,5.00
2024-10,VARIANTE,Mermelada de Fresa,1,1,1.00
2024-10,VARIANTE,Mermelada de Zarzamora,1,1,1.00
2024-10,VARIANTE,Migada Delgada,16,12,17.00
2024-10,VARIANTE,Natural,4,4,4.00
2024-10,VARIANTE,Naturales,3,3,3.00
2024-10,VARIANTE,Normal,62,62,1009.00
2024-10,VARIANTE,Pan Chico Pieza,30,30,129.00
2024-10,VARIANTE,Poca leche,23,23,44.00
2024-10,VARIANTE,Sprite,5,5,5.00
2024-10,VARIANTE,Tierno,1,1,1.00
2024-10,VARIANTE,Valle Frut,8,8,11.00
2024-11,EXTRA,Bistec (1 pza.),121,121,144.00
2024-11,EXTRA,Doble Guiso,6,6,6.00
2024-11,EXTRA,Frijoles,47,46,76.00
2024-11,EXTRA,Huevo Estrellado Ciego (2 pzas.),5,5,5.00
2024-11,EXTRA,Huevo Estrellado Cocido (2 pzas.),45,45,52.00
2024-11,EXTRA,Huevo Estrellado Medio (2 pzas.),52,52,61.00
2024-11,EXTRA,Huevo Estrellado Tierno (2 pzas.),28,28,28.00
2024-11,EXTRA,Huevo Revuelto (2 pzas.),59,59,67.00
2024-11,EXTRA,Huevo Revuelto (p/relleno),39,39,40.00
2024-11,EXTRA,Queso,58,38,40.00
2024-11,EXTRA,Queso Extra Pieza,5,2,2.00
2024-11,EXTRA,Relleno de Guisados,47,46,46.00
2024-11,PETICION,Doradita,26,20,28.00
2024-11,PETICION,En dos platos,19,13,16.00
2024-11,PETICION,Escurrida,11,11,22.00
2024-11,PETICION,Frijoles Aparte,8,8,10.00
2024-11,PETICION,Poca Lechuga,17,17,18.00
2024-11,PETICION,Poco Frijol,1,1,1.00
2024-11,PETICION,Poco Guiso,3,3,3.00
2024-11,PETICION,Sin Aguacate,34,34,35.00
2024-11,PETICION,Sin Crema,150,150,154.00
2024-11,PETICION,Sin Frijoles,11,11,12.00
2024-11,PETICION,Sin Lechuga,45,45,45.00
2024-11,PETICION,Sin Queso,13,13,13.00
2024-11,PETICION,Sin Tomate,53,53,54.00
2024-11,PETICION,Sin Verduras,38,38,39.00
2024-11,PETICION,Verdura Aparte,11,11,13.00
2024-11,VARIANTE,Ciego,1,1,1.00
2024-11,VARIANTE,Coca Cola,57,57,288.00
2024-11,VARIANTE,Coca Cola Sin Azúcar,29,29,102.00
2024-11,VARIANTE,Coca Light,28,28,62.00
2024-11,VARIANTE,Cocido,3,3,3.00
2024-11,VARIANTE,Crema,15,15,16.00
2024-11,VARIANTE,Delaware,17,17,22.00
2024-11,VARIANTE,Diluido con Agua,1,1,1.00
2024-11,VARIANTE,Escuis Fresa,4,4,6.00
2024-11,VARIANTE,Escuis Hierro,5,5,5.00
2024-11,VARIANTE,Escuis Manzana,11,11,14.00
2024-11,VARIANTE,Escuis Piña,5,5,5.00
2024-11,VARIANTE,Fanta,5,5,6.00
2024-11,VARIANTE,Fresca,3,3,3.00
2024-11,VARIANTE,Leche Aparte,12,12,18.00
2024-11,VARIANTE,Lechera,15,15,18.00
2024-11,VARIANTE,Lechero,22,22,30.00
2024-11,VARIANTE,Mantequilla,28,28,102.00
2024-11,VARIANTE,Medio,2,2,2.00
2024-11,VARIANTE,Mermelada de Fresa,1,1,1.00
2024-11,VARIANTE,Mermelada de Zarzamora,1,1,1.00
2024-11,VARIANTE,Migada Delgada,10,10,10.00
2024-11,VARIANTE,Natural,4,4,4.00
2024-11,VARIANTE,Naturales,7,7,7.00
2024-11,VARIANTE,Normal,60,60,1091.00
2024-11,VARIANTE,Pan Chico Pieza,30,30,97.00
2024-11,VARIANTE,Poca leche,19,19,33.00
2024-11,VARIANTE,Sprite,5,5,5.00
2024-11,VARIANTE,Tierno,1,1,1.00
2024-11,VARIANTE,Valle Frut,9,9,12.00
2024-12,EXTRA,Bistec (1 pza.),146,146,197.00
2024-12,EXTRA,Doble Guiso,1,1,1.00
2024-12,EXTRA,Frijoles,34,33,55.00
2024-12,EXTRA,Huevo Estrellado Ciego (2 pzas.),3,3,3.00
2024-12,EXTRA,Huevo Estrellado Cocido (2 pzas.),61,61,67.00
2024-12,EXTRA,Huevo Estrellado Medio (2 pzas.),54,54,66.00
2024-12,EXTRA,Huevo Estrellado Tierno (2 pzas.),25,25,26.00
2024-12,EXTRA,Huevo Revuelto (2 pzas.),81,81,94.00
2024-12,EXTRA,Huevo Revuelto (p/relleno),46,46,49.00
2024-12,EXTRA,Queso,80,62,71.00
2024-12,EXTRA,Queso Extra Pieza,37,13,13.00
2024-12,EXTRA,Relleno de Guisados,50,49,51.00
2024-12,PETICION,Doradita,40,34,81.00
2024-12,PETICION,En dos platos,15,15,15.00
2024-12,PETICION,Escurrida,7,7,11.00
2024-12,PETICION,Frijoles Aparte,12,12,13.00
2024-12,PETICION,Poca Lechuga,25,25,25.00
2024-12,PETICION,Poco Frijol,1,1,1.00
2024-12,PETICION,Poco Guiso,4,4,4.00
2024-12,PETICION,Sin Aguacate,46,46,50.00
2024-12,PETICION,Sin Crema,164,163,176.00
2024-12,PETICION,Sin Frijoles,22,22,23.00
2024-12,PETICION,Sin Lechuga,57,57,59.00
2024-12,PETICION,Sin Queso,21,21,23.00
2024-12,PETICION,Sin Tomate,69,69,72.00
2024-12,PETICION,Sin Verduras,36,36,39.00
2024-12,PETICION,Verdura Aparte,11,11,12.00
2024-12,VARIANTE,Bocol delgado,4,2,4.00
2024-12,VARIANTE,Coca Cola,58,58,327.00
2024-12,VARIANTE,Coca Cola Sin Azúcar,28,28,114.00
2024-12,VARIANTE,Coca Light,25,25,66.00
2024-12,VARIANTE,Cocido,3,3,3.00
2024-12,VARIANTE,Crema,19,19,21.00
2024-12,VARIANTE,Delaware,17,17,27.00
2024-12,VARIANTE,Diluido con Agua,1,1,1.00
2024-12,VARIANTE,Escuis Fresa,7,7,9.00
2024-12,VARIANTE,Escuis Hierro,10,10,10.00
2024-12,VARIANTE,Escuis Manzana,16,16,20.00
2024-12,VARIANTE,Escuis Piña,4,4,7.00
2024-12,VARIANTE,Fanta,6,6,7.00
2024-12,VARIANTE,Fresca,2,2,2.00
2024-12,VARIANTE,Leche Aparte,19,19,38.00
2024-12,VARIANTE,Lechera,15,15,18.00
2024-12,VARIANTE,Lechero,16,16,25.00
2024-12,VARIANTE,Mantequilla,34,33,142.00
2024-12,VARIANTE,Medio,2,2,2.00
2024-12,VARIANTE,Mermelada de Fresa,2,2,3.00
2024-12,VARIANTE,Mermelada de Zarzamora,1,1,1.00
2024-12,VARIANTE,Migada Delgada,5,4,6.00
2024-12,VARIANTE,Natural,3,3,3.00
2024-12,VARIANTE,Naturales,10,10,11.00
2024-12,VARIANTE,Normal,60,60,1312.00
2024-12,VARIANTE,Pan Chico Pieza,28,28,126.00
2024-12,VARIANTE,Poca leche,25,25,39.00
2024-12,VARIANTE,Sprite,4,4,4.00
2024-12,VARIANTE,Tierno,1,1,1.00
2024-12,VARIANTE,Valle Frut,10,10,14.00
2025-01,EXTRA,Bistec (1 pza.),147,147,177.00
2025-01,EXTRA,Doble Guiso,8,8,10.00
2025-01,EXTRA,Frijoles,28,28,56.00
2025-01,EXTRA,Huevo Estrellado Ciego (2 pzas.),3,3,3.00
2025-01,EXTRA,Huevo Estrellado Cocido (2 pzas.),50,50,61.00
2025-01,EXTRA,Huevo Estrellado Medio (2 pzas.),62,62,67.00
2025-01,EXTRA,Huevo Estrellado Tierno (2 pzas.),34,34,36.00
2025-01,EXTRA,Huevo Revuelto (2 pzas.),79,79,88.00
2025-01,EXTRA,Huevo Revuelto (p/relleno),44,44,49.00
2025-01,EXTRA,Queso,82,67,131.00
2025-01,EXTRA,Queso Extra Pieza,10,5,5.00
2025-01,EXTRA,Relleno de Guisados,56,54,54.00
2025-01,PETICION,Doradita,7,6,9.00
2025-01,PETICION,En dos platos,13,13,14.00
2025-01,PETICION,Escurrida,20,20,62.00
2025-01,PETICION,Frijoles Aparte,15,15,16.00
2025-01,PETICION,Poca Lechuga,22,22,25.00
2025-01,PETICION,Poco Frijol,6,6,6.00
2025-01,PETICION,Sin Aguacate,39,39,39.00
2025-01,PETICION,Sin Crema,148,148,155.00
2025-01,PETICION,Sin Frijoles,20,20,21.00
2025-01,PETICION,Sin Lechuga,55,55,55.00
2025-01,PETICION,Sin Queso,20,20,20.00
2025-01,PETICION,Sin Tomate,59,59,62.00
2025-01,PETICION,Sin Verduras,40,40,41.00
2025-01,PETICION,Verdura Aparte,14,14,15.00
2025-01,VARIANTE,Coca Cola,55,55,225.00
2025-01,VARIANTE,Coca Cola Sin Azúcar,29,29,109.00
2025-01,VARIANTE,Coca Light,18,18,40.00
2025-01,VARIANTE,Cocido,4,4,4.00
2025-01,VARIANTE,Crema,13,13,13.00
2025-01,VARIANTE,Delaware,13,13,17.00
2025-01,VARIANTE,Diluido con Agua,5,5,6.00
2025-01,VARIANTE,Escuis Fresa,4,4,5.00
2025-01,VARIANTE,Escuis Hierro,10,10,10.00
2025-01,VARIANTE,Escuis Manzana,12,12,16.00
2025-01,VARIANTE,Escuis Piña,8,8,10.00
2025-01,VARIANTE,Fanta,6,6,8.00
2025-01,VARIANTE,Fresca,2,2,2.00
2025-01,VARIANTE,Leche Aparte,24,24,57.00
2025-01,VARIANTE,Lechera,17,17,17.00
2025-01,VARIANTE,Lechero,17,17,33.00
2025-01,VARIANTE,Mantequilla,38,35,243.00
2025-01,VARIANTE,Medio,5,5,6.00
2025-01,VARIANTE,Mermelada de Fresa,3,3,4.00
2025-01,VARIANTE,Migada Delgada,9,8,10.00
2025-01,VARIANTE,Natural,2,2,2.00
2025-01,VARIANTE,Naturales,10,10,10.00
2025-01,VARIANTE,Normal,60,60,1374.00
2025-01,VARIANTE,Pan Chico Pieza,30,30,134.00
2025-01,VARIANTE,Poca leche,18,18,35.00
2025-01,VARIANTE,Sprite,8,8,8.00
2025-01,VARIANTE,Tierno,2,2,2.00
2025-01,VARIANTE,Valle Frut,10,10,12.00
2025-02,EXTRA,Bistec (1 pza.),124,124,148.00
2025-02,EXTRA,Doble Guiso,3,3,5.00
2025-02,EXTRA,Frijoles,31,31,51.00
2025-02,EXTRA,Huevo Estrellado Ciego (2 pzas.),5,5,5.00
2025-02,EXTRA,Huevo Estrellado Cocido (2 pzas.),49,49,57.00
2025-02,EXTRA,Huevo Estrellado Medio (2 pzas.),46,46,50.00
2025-02,EXTRA,Huevo Estrellado Tierno (2 pzas.),24,24,25.00
2025-02,EXTRA,Huevo Revuelto (2 pzas.),47,47,56.00
2025-02,EXTRA,Huevo Revuelto (p/relleno),32,31,36.00
2025-02,EXTRA,Queso,52,40,42.00
2025-02,EXTRA,Queso Extra Pieza,11,4,4.00
2025-02,EXTRA,Relleno de Guisados,60,60,63.00
2025-02,PETICION,Doradita,20,20,20.00
2025-02,PETICION,En dos platos,14,14,14.00
2025-02,PETICION,Escurrida,15,15,29.00
2025-02,PETICION,Frijoles Aparte,4,4,4.00
2025-02,PETICION,Poca Lechuga,15,15,17.00
2025-02,PETICION,Poco Frijol,4,4,4.00
2025-02,PETICION,Poco Guiso,2,2,2.00
2025-02,PETICION,Sin Aguacate,29,29,29.00
2025-02,PETICION,Sin Crema,110,110,112.00
2025-02,PETICION,Sin Frijoles,11,11,11.00
2025-02,PETICION,Sin Lechuga,52,52,53.00
2025-02,PETICION,Sin Queso,4,4,4.00
2025-02,PETICION,Sin Tomate,57,57,57.00
2025-02,PETICION,Sin Verduras,31,31,31.00
2025-02,PETICION,Verdura Aparte,7,7,7.00
2025-02,VARIANTE,Coca Cola,54,54,212.00
2025-02,VARIANTE,Coca Cola Sin Azúcar,26,26,84.00
2025-02,VARIANTE,Coca Light,26,26,50.00
2025-02,VARIANTE,Cocido,2,2,2.00
2025-02,VARIANTE,Crema,14,14,16.00
2025-02,VARIANTE,Delaware,10,10,12.00
2025-02,VARIANTE,Diluido con Agua,2,2,3.00
2025-02,VARIANTE,Escuis Fresa,5,5,5.00
2025-02,VARIANTE,Escuis Hierro,8,8,8.00
2025-02,VARIANTE,Escuis Manzana,8,8,9.00
2025-02,VARIANTE,Escuis Piña,2,2,2.00
2025-02,VARIANTE,Fanta,4,4,4.00
2025-02,VARIANTE,Fresca,2,2,2.00
2025-02,VARIANTE,Leche Aparte,14,14,35.00
2025-02,VARIANTE,Lechera,15,15,16.00
2025-02,VARIANTE,Lechero,11,11,29.00
2025-02,VARIANTE,Mantequilla,34,32,166.00
2025-02,VARIANTE,Medio,1,1,1.00
2025-02,VARIANTE,Mermelada de Fresa,3,3,5.00
2025-02,VARIANTE,Migada Delgada,7,6,7.00
2025-02,VARIANTE,Natural,3,3,4.00
2025-02,VARIANTE,Naturales,5,5,5.00
2025-02,VARIANTE,Normal,56,56,1065.00
2025-02,VARIANTE,Pan Chico Pieza,15,15,98.00
2025-02,VARIANTE,Pan Grande Pieza,10,10,33.00
2025-02,VARIANTE,Poca leche,17,17,31.00
2025-02,VARIANTE,Sprite,5,5,5.00
2025-02,VARIANTE,Tierno,2,2,2.00
2025-02,VARIANTE,Valle Frut,4,4,5.00
2025-03,EXTRA,Bistec (1 pza.),155,155,197.00
2025-03,EXTRA,Doble Guiso,3,3,3.00
2025-03,EXTRA,Frijoles,38,38,58.00
2025-03,EXTRA,Huevo Estrellado Ciego (2 pzas.),5,5,5.00
2025-03,EXTRA,Huevo Estrellado Cocido (2 pzas.),46,46,49.00
2025-03,EXTRA,Huevo Estrellado Medio (2 pzas.),55,55,64.00
2025-03,EXTRA,Huevo Estrellado Tierno (2 pzas.),32,32,34.00
2025-03,EXTRA,Huevo Revuelto (2 pzas.),83,83,93.00
2025-03,EXTRA,Huevo Revuelto (p/relleno),51,51,54.00
2025-03,EXTRA,Queso,67,51,56.00
2025-03,EXTRA,Queso Extra Pieza,19,10,10.00
2025-03,EXTRA,Relleno de Guisados,75,75,75.00
2025-03,PETICION,Doradita,13,13,20.00
2025-03,PETICION,En dos platos,13,13,15.00
2025-03,PETICION,Escurrida,21,21,32.00
2025-03,PETICION,Frijoles Aparte,18,17,17.00
2025-03,PETICION,Poca Lechuga,23,23,24.00
2025-03,PETICION,Poco Frijol,2,2,2.00
2025-03,PETICION,Sin Aguacate,40,40,43.00
2025-03,PETICION,Sin Crema,151,151,160.00
2025-03,PETICION,Sin Frijoles,29,29,29.00
2025-03,PETICION,Sin Lechuga,57,55,57.00
2025-03,PETICION,Sin Queso,11,11,11.00
2025-03,PETICION,Sin Tomate,54,54,58.00
2025-03,PETICION,Sin Verduras,37,37,41.00
2025-03,PETICION,Verdura Aparte,11,11,11.00
2025-03,VARIANTE,Bocol delgado,4,4,4.00
2025-03,VARIANTE,Coca Cola,60,60,251.00
2025-03,VARIANTE,Coca Cola Sin Azúcar,28,28,95.00
2025-03,VARIANTE,Coca Light,26,26,51.00
2025-03,VARIANTE,Cocido,1,1,1.00
2025-03,VARIANTE,Crema,16,16,19.00
2025-03,VARIANTE,Delaware,13,13,15.00
2025-03,VARIANTE,Diluido con Agua,4,4,6.00
2025-03,VARIANTE,Escuis Fresa,8,8,8.00
2025-03,VARIANTE,Escuis Hierro,12,12,15.00
2025-03,VARIANTE,Escuis Manzana,7,7,10.00
2025-03,VARIANTE,Escuis Piña,6,6,8.00
2025-03,VARIANTE,Fanta,4,4,6.00
2025-03,VARIANTE,Fresca,1,1,1.00
2025-03,VARIANTE,Leche Aparte,15,15,28.00
2025-03,VARIANTE,Lechera,13,13,15.00
2025-03,VARIANTE,Lechero,17,17,32.00
2025-03,VARIANTE,Mantequilla,29,29,134.00
2025-03,VARIANTE,Medio,5,5,5.00
2025-03,VARIANTE,Mermelada de Fresa,2,2,2.00
2025-03,VARIANTE,Migada Delgada,7,7,7.00
2025-03,VARIANTE,Natural,3,3,4.00
2025-03,VARIANTE,Naturales,10,10,10.00
2025-03,VARIANTE,Normal,62,62,1199.00
2025-03,VARIANTE,Pan Grande Pieza,29,29,132.00
2025-03,VARIANTE,Poca leche,22,22,34.00
2025-03,VARIANTE,Sprite,4,4,4.00
2025-03,VARIANTE,Tierno,4,4,4.00
2025-03,VARIANTE,Valle Frut,9,9,9.00
2025-04,EXTRA,Bistec (1 pza.),125,125,157.00
2025-04,EXTRA,Doble Guiso,8,8,10.00
2025-04,EXTRA,Frijoles,19,19,32.00
2025-04,EXTRA,Huevo Estrellado Ciego (2 pzas.),2,2,2.00
2025-04,EXTRA,Huevo Estrellado Cocido (2 pzas.),55,55,61.00
2025-04,EXTRA,Huevo Estrellado Medio (2 pzas.),43,43,46.00
2025-04,EXTRA,Huevo Estrellado Tierno (2 pzas.),28,28,28.00
2025-04,EXTRA,Huevo Revuelto (2 pzas.),64,64,74.00
2025-04,EXTRA,Huevo Revuelto (p/relleno),46,46,51.00
2025-04,EXTRA,Queso,64,50,61.00
2025-04,EXTRA,Queso Extra Pieza,17,9,9.00
2025-04,EXTRA,Relleno de Guisados,52,51,51.00
2025-04,PETICION,Doradita,21,21,25.00
2025-04,PETICION,En dos platos,14,14,14.00
2025-04,PETICION,Escurrida,25,25,59.00
2025-04,PETICION,Frijoles Aparte,18,15,15.00
2025-04,PETICION,Poca Lechuga,16,16,17.00
2025-04,PETICION,Poco Frijol,2,2,2.00
2025-04,PETICION,Sin Aguacate,54,54,56.00
2025-04,PETICION,Sin Crema,135,135,140.00
2025-04,PETICION,Sin Frijoles,27,27,27.00
2025-04,PETICION,Sin Lechuga,60,60,63.00
2025-04,PETICION,Sin Queso,16,16,16.00
2025-04,PETICION,Sin Tomate,71,71,72.00
2025-04,PETICION,Sin Verduras,45,45,47.00
2025-04,PETICION,Verdura Aparte,15,15,15.00
2025-04,VARIANTE,Bocol delgado,18,15,21.00
2025-04,VARIANTE,Ciego,2,2,2.00
2025-04,VARIANTE,Coca Cola,58,58,336.00
2025-04,VARIANTE,Coca Cola Sin Azúcar,29,29,122.00
2025-04,VARIANTE,Coca Light,21,21,43.00
2025-04,VARIANTE,Cocido,1,1,1.00
2025-04,VARIANTE,Crema,21,21,28.00
2025-04,VARIANTE,Delaware,15,15,22.00
2025-04,VARIANTE,Diluido con Agua,4,4,4.00
2025-04,VARIANTE,Escuis Fresa,11,11,12.00
2025-04,VARIANTE,Escuis Hierro,10,10,11.00
2025-04,VARIANTE,Escuis Manzana,9,9,12.00
2025-04,VARIANTE,Escuis Piña,13,13,16.00
2025-04,VARIANTE,Fanta,5,5,6.00
2025-04,VARIANTE,Fresca,5,5,5.00
2025-04,VARIANTE,Leche Aparte,27,27,67.00
2025-04,VARIANTE,Lechera,15,15,19.00
2025-04,VARIANTE,Lechero,14,14,28.00
2025-04,VARIANTE,Mantequilla,28,28,128.00
2025-04,VARIANTE,Medio,4,4,4.00
2025-04,VARIANTE,Mermelada de Fresa,1,1,1.00
2025-04,VARIANTE,Migada Delgada,7,6,7.00
2025-04,VARIANTE,Natural,2,2,2.00
2025-04,VARIANTE,Naturales,8,8,9.00
2025-04,VARIANTE,Normal,60,60,1109.00
2025-04,VARIANTE,Pan Grande Pieza,29,29,152.00
2025-04,VARIANTE,Poca leche,19,19,31.00
2025-04,VARIANTE,Sprite,5,5,5.00
2025-04,VARIANTE,Tierno,3,3,3.00
2025-04,VARIANTE,Valle Frut,11,11,15.00
2025-05,EXTRA,Bistec (1 pza.),138,138,163.00
2025-05,EXTRA,Doble Guiso,4,4,4.00
2025-05,EXTRA,Frijoles,27,27,54.00
2025-05,EXTRA,Huevo Estrellado Ciego (2 pzas.),6,6,7.00
2025-05,EXTRA,Huevo Estrellado Cocido (2 pzas.),50,50,54.00
2025-05,EXTRA,Huevo Estrellado Medio (2 pzas.),48,48,54.00
2025-05,EXTRA,Huevo Estrellado Tierno (2 pzas.),14,14,14.00
2025-05,EXTRA,Huevo Revuelto (2 pzas.),83,83,89.00
2025-05,EXTRA,Huevo Revuelto (p/relleno),28,28,31.00
2025-05,EXTRA,Queso,85,69,82.00
2025-05,EXTRA,Queso Extra Pieza,18,10,10.00
2025-05,EXTRA,Relleno de Guisados,54,53,53.00
2025-05,PETICION,Doradita,18,18,23.00
2025-05,PETICION,En dos platos,8,8,9.00
2025-05,PETICION,Escurrida,19,19,44.00
2025-05,PETICION,Frijoles Aparte,23,23,23.00
2025-05,PETICION,Poca Lechuga,19,19,19.00
2025-05,PETICION,Poco Guiso,1,1,1.00
2025-05,PETICION,Sin Aguacate,49,49,49.00
2025-05,PETICION,Sin Crema,148,148,153.00
2025-05,PETICION,Sin Frijoles,19,19,19.00
2025-05,PETICION,Sin Lechuga,52,52,52.00
2025-05,PETICION,Sin Queso,17,17,17.00
2025-05,PETICION,Sin Tomate,60,60,60.00
2025-05,PETICION,Sin Verduras,42,42,47.00
2025-05,PETICION,Verdura Aparte,21,21,22.00
2025-05,VARIANTE,Bocol delgado,3,3,4.00
2025-05,VARIANTE,Ciego,2,2,2.00
2025-05,VARIANTE,Coca Cola,59,59,287.00
2025-05,VARIANTE,Coca Cola Sin Azúcar,31,31,127.00
2025-05,VARIANTE,Coca Light,20,20,41.00
2025-05,VARIANTE,Crema,13,13,17.00
2025-05,VARIANTE,Delaware,13,13,17.00
2025-05,VARIANTE,Diluido con Agua,3,3,4.00
2025-05,VARIANTE,Escuis Fresa,7,7,7.00
2025-05,VARIANTE,Escuis Hierro,12,12,12.00
2025-05,VARIANTE,Escuis Manzana,13,13,16.00
2025-05,VARIANTE,Escuis Piña,10,10,11.00
2025-05,VARIANTE,Fanta,5,5,5.00
2025-05,VARIANTE,Fresca,3,3,3.00
2025-05,VARIANTE,Leche Aparte,26,26,57.00
2025-05,VARIANTE,Lechera,12,12,13.00
2025-05,VARIANTE,Lechero,12,12,24.00
2025-05,VARIANTE,Mantequilla,31,31,124.00
2025-05,VARIANTE,Medio,5,5,7.00
2025-05,VARIANTE,Migada Delgada,3,3,3.00
2025-05,VARIANTE,Natural,2,2,2.00
2025-05,VARIANTE,Naturales,4,4,4.00
2025-05,VARIANTE,Normal,62,62,1087.00
2025-05,VARIANTE,Pan Grande Pieza,31,31,141.00
2025-05,VARIANTE,Poca leche,15,15,33.00
2025-05,VARIANTE,Sprite,8,8,8.00
2025-05,VARIANTE,Tierno,4,4,4.00
2025-05,VARIANTE,Valle Frut,11,11,15.00
2025-06,EXTRA,Bistec (1 pza.),130,130,159.00
2025-06,EXTRA,Doble Guiso,5,5,6.00
2025-06,EXTRA,Frijoles,21,19,29.00
2025-06,EXTRA,Huevo Estrellado Ciego (2 pzas.),7,7,7.00
2025-06,EXTRA,Huevo Estrellado Cocido (2 pzas.),46,45,50.00
2025-06,EXTRA,Huevo Estrellado Medio (2 pzas.),45,45,49.00
2025-06,EXTRA,Huevo Estrellado Tierno (2 pzas.),35,35,40.00
2025-06,EXTRA,Huevo Revuelto (2 pzas.),78,78,96.00
2025-06,EXTRA,Huevo Revuelto (p/relleno),35,35,36.00
2025-06,EXTRA,Queso,80,62,86.00
2025-06,EXTRA,Queso Extra Pieza,21,10,11.00
2025-06,EXTRA,Relleno de Guisados,50,48,49.00
2025-06,PETICION,Doradita,16,16,29.00
2025-06,PETICION,En dos platos,14,14,14.00
2025-06,PETICION,Escurrida,25,25,39.00
2025-06,PETICION,Frijoles Aparte,22,21,23.00
2025-06,PETICION,Poca Lechuga,33,33,36.00
2025-06,PETICION,Poco Frijol,2,2,2.00
2025-06,PETICION,Poco Guiso,2,2,2.00
2025-06,PETICION,Sin Aguacate,33,33,33.00
2025-06,PETICION,Sin Crema,134,134,140.00
2025-06,PETICION,Sin Frijoles,28,28,30.00
2025-06,PETICION,Sin Lechuga,66,66,67.00
2025-06,PETICION,Sin Queso,12,12,12.00
2025-06,PETICION,Sin Tomate,56,56,57.00
2025-06,PETICION,Sin Verduras,35,35,36.00
2025-06,PETICION,Verdura Aparte,14,14,15.00
2025-06,VARIANTE,Bocol delgado,2,2,3.00
2025-06,VARIANTE,Ciego,5,5,5.00
2025-06,VARIANTE,Coca Cola,58,58,298.00
2025-06,VARIANTE,Coca Cola Sin Azúcar,29,29,142.00
2025-06,VARIANTE,Coca Light,23,23,56.00
2025-06,VARIANTE,Cocido,6,6,6.00
2025-06,VARIANTE,Crema,15,15,15.00
2025-06,VARIANTE,Delaware,12,12,14.00
2025-06,VARIANTE,Diluido con Agua,3,3,5.00
2025-06,VARIANTE,Escuis Fresa,8,8,9.00
2025-06,VARIANTE,Escuis Hierro,12,12,16.00
2025-06,VARIANTE,Escuis Manzana,13,13,21.00
2025-06,VARIANTE,Escuis Piña,5,5,5.00
2025-06,VARIANTE,Fanta,8,8,9.00
2025-06,VARIANTE,Fresca,4,4,4.00
2025-06,VARIANTE,Leche Aparte,27,27,58.00
2025-06,VARIANTE,Lechera,13,13,13.00
2025-06,VARIANTE,Lechero,18,18,25.00
2025-06,VARIANTE,Mantequilla,28,28,134.00
2025-06,VARIANTE,Medio,3,3,3.00
2025-06,VARIANTE,Migada Delgada,6,6,6.00
2025-06,VARIANTE,Natural,2,2,2.00
2025-06,VARIANTE,Naturales,3,3,3.00
2025-06,VARIANTE,Normal,60,60,1156.00
2025-06,VARIANTE,Pan Grande Pieza,28,28,120.00
2025-06,VARIANTE,Poca leche,18,18,38.00
2025-06,VARIANTE,Sprite,4,4,4.00
2025-06,VARIANTE,Tierno,1,1,1.00
2025-06,VARIANTE,Valle Frut,9,9,10.00
2025-07,EXTRA,Bistec (1 pza.),101,101,118.00
2025-07,EXTRA,Doble Guiso,8,8,9.00
2025-07,EXTRA,Frijoles,33,33,54.00
2025-07,EXTRA,Huevo Estrellado Ciego (2 pzas.),4,4,5.00
2025-07,EXTRA,Huevo Estrellado Cocido (2 pzas.),27,27,30.00
2025-07,EXTRA,Huevo Estrellado Medio (2 pzas.),46,46,56.00
2025-07,EXTRA,Huevo Estrellado Tierno (2 pzas.),23,23,25.00
2025-07,EXTRA,Huevo Revuelto (2 pzas.),76,76,84.00
2025-07,EXTRA,Huevo Revuelto (p/relleno),31,31,33.00
2025-07,EXTRA,Queso,72,51,59.00
2025-07,EXTRA,Queso Extra Pieza,7,4,4.00
2025-07,EXTRA,Relleno de Guisados,72,70,73.00
2025-07,PETICION,Doradita,15,15,24.00
2025-07,PETICION,En dos platos,12,12,12.00
2025-07,PETICION,Escurrida,40,40,54.00
2025-07,PETICION,Frijoles Aparte,15,12,13.00
2025-07,PETICION,Poca Lechuga,42,42,42.00
2025-07,PETICION,Poco Frijol,3,3,3.00
2025-07,PETICION,Poco Guiso,2,2,2.00
2025-07,PETICION,Sin Aguacate,49,49,50.00
2025-07,PETICION,Sin Crema,112,112,117.00
2025-07,PETICION,Sin Frijoles,23,23,26.00
2025-07,PETICION,Sin Lechuga,53,52,52.00
2025-07,PETICION,Sin Queso,15,15,15.00
2025-07,PETICION,Sin Tomate,69,69,70.00
2025-07,PETICION,Sin Verduras,33,33,39.00
2025-07,PETICION,Verdura Aparte,18,18,19.00
2025-07,VARIANTE,Bocol delgado,11,8,10.00
2025-07,VARIANTE,Ciego,1,1,1.00
2025-07,VARIANTE,Coca Cola,61,61,313.00
2025-07,VARIANTE,Coca Cola Sin Azúcar,31,31,159.00
2025-07,VARIANTE,Coca Light,20,20,44.00
2025-07,VARIANTE,Cocido,2,2,2.00
2025-07,VARIANTE,Crema,15,15,18.00
2025-07,VARIANTE,Delaware,14,14,18.00
2025-07,VARIANTE,Diluido con Agua,2,2,4.00
2025-07,VARIANTE,Escuis Fresa,8,8,10.00
2025-07,VARIANTE,Escuis Hierro,9,9,11.00
2025-07,VARIANTE,Escuis Manzana,13,13,23.00
2025-07,VARIANTE,Escuis Piña,3,3,5.00
2025-07,VARIANTE,Fanta,5,5,5.00
2025-07,VARIANTE,Fresca,7,7,8.00
2025-07,VARIANTE,Leche Aparte,22,22,38.00
2025-07,VARIANTE,Lechera,13,13,16.00
2025-07,VARIANTE,Lechero,16,16,31.00
2025-07,VARIANTE,Mantequilla,31,30,117.00
2025-07,VARIANTE,Medio,2,2,3.00
2025-07,VARIANTE,Migada Delgada,7,6,7.00
2025-07,VARIANTE,Natural,3,3,3.00
2025-07,VARIANTE,Naturales,10,10,10.00
2025-07,VARIANTE,Normal,62,62,1102.00
2025-07,VARIANTE,Pan Grande Pieza,29,29,183.00
2025-07,VARIANTE,Poca leche,17,17,22.00
2025-07,VARIANTE,Sprite,7,7,7.00
2025-07,VARIANTE,Tierno,1,1,1.00
2025-07,VARIANTE,Valle Frut,12,12,13.00
2025-08,EXTRA,Bistec (1 pza.),160,160,189.00
2025-08,EXTRA,Doble Guiso,6,6,6.00
2025-08,EXTRA,Frijoles,46,46,77.00
2025-08,EXTRA,Huevo Estrellado Ciego (2 pzas.),5,5,5.00
2025-08,EXTRA,Huevo Estrellado Cocido (2 pzas.),54,53,61.00
2025-08,EXTRA,Huevo Estrellado Medio (2 pzas.),48,48,53.00
2025-08,EXTRA,Huevo Estrellado Tierno (2 pzas.),35,35,35.00
2025-08,EXTRA,Huevo Revuelto (2 pzas.),103,103,114.00
2025-08,EXTRA,Huevo Revuelto (p/relleno),31,31,31.00
2025-08,EXTRA,Queso,82,65,77.00
2025-08,EXTRA,Queso Extra Pieza,19,8,8.00
2025-08,EXTRA,Relleno de Guisados,71,71,72.00
2025-08,PETICION,Doradita,23,23,24.00
2025-08,PETICION,En dos platos,12,12,13.00
2025-08,PETICION,Escurrida,27,27,33.00
2025-08,PETICION,Frijoles Aparte,15,15,16.00
2025-08,PETICION,Poca Lechuga,30,30,30.00
2025-08,PETICION,Poco Frijol,2,2,2.00
2025-08,PETICION,Poco Guiso,1,1,1.00
2025-08,PETICION,Sin Aguacate,57,57,60.00
2025-08,PETICION,Sin Crema,166,166,180.00
2025-08,PETICION,Sin Frijoles,22,22,24.00
2025-08,PETICION,Sin Lechuga,50,50,51.00
2025-08,PETICION,Sin Queso,13,13,13.00
2025-08,PETICION,Sin Tomate,72,72,73.00
2025-08,PETICION,Sin Verduras,37,37,39.00
2025-08,PETICION,Verdura Aparte,12,12,13.00
2025-08,VARIANTE,Bocol delgado,15,11,14.00
2025-08,VARIANTE,Ciego,1,1,2.00
2025-08,VARIANTE,Coca Cola,62,62,338.00
2025-08,VARIANTE,Coca Cola Sin Azúcar,31,31,159.00
2025-08,VARIANTE,Coca Light,20,20,55.00
2025-08,VARIANTE,Cocido,1,1,2.00
2025-08,VARIANTE,Crema,15,15,19.00
2025-08,VARIANTE,Delaware,12,12,16.00
2025-08,VARIANTE,Diluido con Agua,5,5,7.00
2025-08,VARIANTE,Escuis Fresa,10,10,12.00
2025-08,VARIANTE,Escuis Hierro,11,11,15.00
2025-08,VARIANTE,Escuis Manzana,10,10,11.00
2025-08,VARIANTE,Escuis Piña,8,8,11.00
2025-08,VARIANTE,Fanta,7,7,9.00
2025-08,VARIANTE,Fresca,5,5,5.00
2025-08,VARIANTE,Leche Aparte,13,13,27.00
2025-08,VARIANTE,Lechera,10,10,13.00
2025-08,VARIANTE,Lechero,19,19,37.00
2025-08,VARIANTE,Mantequilla,29,29,146.00
2025-08,VARIANTE,Medio,3,3,3.00
2025-08,VARIANTE,Migada Delgada,7,6,7.00
2025-08,VARIANTE,Natural,3,3,3.00
2025-08,VARIANTE,Naturales,6,6,6.00
2025-08,VARIANTE,Normal,62,62,1118.00
2025-08,VARIANTE,Pan Grande Pieza,29,29,125.00
2025-08,VARIANTE,Poca leche,16,16,31.00
2025-08,VARIANTE,Sprite,5,5,7.00
2025-08,VARIANTE,Tierno,6,6,7.00
2025-08,VARIANTE,Valle Frut,12,12,14.00
2025-09,EXTRA,Bistec (1 pza.),131,131,158.00
2025-09,EXTRA,Doble Guiso,2,2,2.00
2025-09,EXTRA,Frijoles,48,48,71.00
2025-09,EXTRA,Huevo Estrellado Ciego (2 pzas.),1,1,1.00
2025-09,EXTRA,Huevo Estrellado Cocido (2 pzas.),58,58,64.00
2025-09,EXTRA,Huevo Estrellado Medio (2 pzas.),47,47,51.00
2025-09,EXTRA,Huevo Estrellado Tierno (2 pzas.),47,45,49.00
2025-09,EXTRA,Huevo Revuelto (2 pzas.),77,77,92.00
2025-09,EXTRA,Huevo Revuelto (p/relleno),24,24,27.00
2025-09,EXTRA,Queso,76,63,71.00
2025-09,EXTRA,Queso Extra Pieza,12,5,5.00
2025-09,EXTRA,Relleno de Guisados,69,68,68.00
2025-09,PETICION,Doradita,15,15,17.00
2025-09,PETICION,En dos platos,10,10,10.00
2025-09,PETICION,Escurrida,13,13,16.00
2025-09,PETICION,Frijoles Aparte,7,7,7.00
2025-09,PETICION,Poca Lechuga,23,23,23.00
2025-09,PETICION,Poco Frijol,2,2,2.00
2025-09,PETICION,Poco Guiso,1,1,1.00
2025-09,PETICION,Sin Aguacate,37,37,38.00
2025-09,PETICION,Sin Crema,156,156,161.00
2025-09,PETICION,Sin Frijoles,28,28,28.00
2025-09,PETICION,Sin Lechuga,48,48,48.00
2025-09,PETICION,Sin Queso,14,14,14.00
2025-09,PETICION,Sin Tomate,62,62,63.00
2025-09,PETICION,Sin Verduras,31,31,37.00
2025-09,PETICION,Verdura Aparte,10,10,10.00
2025-09,VARIANTE,Bocol delgado,6,5,6.00
2025-09,VARIANTE,Coca Cola,58,58,311.00
2025-09,VARIANTE,Coca Cola Sin Azúcar,29,29,136.00
2025-09,VARIANTE,Coca Light,24,24,43.00
2025-09,VARIANTE,Cocido,2,2,2.00
2025-09,VARIANTE,Crema,15,15,18.00
2025-09,VARIANTE,Delaware,9,9,13.00
2025-09,VARIANTE,Diluido con Agua,5,5,6.00
2025-09,VARIANTE,Escuis Fresa,6,6,8.00
2025-09,VARIANTE,Escuis Hierro,6,6,7.00
2025-09,VARIANTE,Escuis Manzana,13,13,16.00
2025-09,VARIANTE,Escuis Piña,8,8,9.00
2025-09,VARIANTE,Fanta,5,5,6.00
2025-09,VARIANTE,Fresca,4,4,5.00
2025-09,VARIANTE,Leche Aparte,24,24,46.00
2025-09,VARIANTE,Lechera,8,8,11.00
2025-09,VARIANTE,Lechero,19,19,25.00
2025-09,VARIANTE,Mantequilla,30,30,145.00
2025-09,VARIANTE,Medio,3,3,3.00
2025-09,VARIANTE,Mermelada de Fresa,1,1,1.00
2025-09,VARIANTE,Migada Delgada,8,6,8.00
2025-09,VARIANTE,Natural,4,4,5.00
2025-09,VARIANTE,Naturales,9,9,9.00
2025-09,VARIANTE,Normal,60,60,1264.00
2025-09,VARIANTE,Pan Grande Pieza,28,28,148.00
2025-09,VARIANTE,Poca leche,16,16,24.00
2025-09,VARIANTE,Sprite,4,4,4.00
2025-09,VARIANTE,Tierno,5,5,5.00
2025-09,VARIANTE,Valle Frut,7,7,8.00
2025-10,EXTRA,Bistec (1 pza.),104,104,116.00
2025-10,EXTRA,Frijoles,39,39,70.00
2025-10,EXTRA,Huevo Estrellado Ciego (2 pzas.),3,3,3.00
2025-10,EXTRA,Huevo Estrellado Cocido (2 pzas.),32,32,33.00
2025-10,EXTRA,Huevo Estrellado Medio (2 pzas.),37,37,42.00
2025-10,EXTRA,Huevo Estrellado Tierno (2 pzas.),44,44,48.00
2025-10,EXTRA,Huevo Revuelto (2 pzas.),63,63,70.00
2025-10,EXTRA,Huevo Revuelto (p/relleno),44,44,45.00
2025-10,EXTRA,Queso,59,44,49.00
2025-10,EXTRA,Queso Extra Pieza,6,3,3.00
2025-10,EXTRA,Relleno de Guisados,54,54,56.00
2025-10,PETICION,Doradita,22,22,30.00
2025-10,PETICION,En dos platos,15,15,15.00
2025-10,PETICION,Escurrida,29,29,48.00
2025-10,PETICION,Frijoles Aparte,15,15,15.00
2025-10,PETICION,Poca Lechuga,27,27,27.00
2025-10,PETICION,Poco Frijol,8,8,8.00
2025-10,PETICION,Sin Aguacate,27,27,28.00
2025-10,PETICION,Sin Crema,166,166,172.00
2025-10,PETICION,Sin Frijoles,20,20,20.00
2025-10,PETICION,Sin Lechuga,59,59,61.00
2025-10,PETICION,Sin Queso,13,13,13.00
2025-10,PETICION,Sin Tomate,86,86,86.00
2025-10,PETICION,Sin Verduras,21,21,21.00
2025-10,PETICION,Verdura Aparte,19,19,20.00
2025-10,VARIANTE,Coca Cola,59,59,247.00
2025-10,VARIANTE,Coca Cola Sin Azúcar,30,30,124.00
2025-10,VARIANTE,Coca Light,26,26,51.00
2025-10,VARIANTE,Cocido,2,2,2.00
2025-10,VARIANTE,Crema,11,11,15.00
2025-10,VARIANTE,Delaware,7,7,7.00
2025-10,VARIANTE,Diluido con Agua,10,10,13.00
2025-10,VARIANTE,Escuis Fresa,10,10,13.00
2025-10,VARIANTE,Escuis Hierro,9,9,11.00
2025-10,VARIANTE,Escuis Manzana,11,11,15.00
2025-10,VARIANTE,Escuis Piña,5,5,5.00
2025-10,VARIANTE,Fanta,2,2,2.00
2025-10,VARIANTE,Fresca,4,4,4.00
2025-10,VARIANTE,Leche Aparte,25,25,53.00
2025-10,VARIANTE,Lechera,9,9,12.00
2025-10,VARIANTE,Lechero,21,21,34.00
2025-10,VARIANTE,Mantequilla,31,31,114.00
2025-10,VARIANTE,Medio,3,3,3.00
2025-10,VARIANTE,Mermelada de Fresa,3,3,3.00
2025-10,VARIANTE,Migada Delgada,10,10,10.00
2025-10,VARIANTE,Natural,2,2,2.00
2025-10,VARIANTE,Naturales,2,2,2.00
2025-10,VARIANTE,Normal,62,62,1069.00
2025-10,VARIANTE,Pan Grande Pieza,30,30,131.00
2025-10,VARIANTE,Poca leche,24,24,43.00
2025-10,VARIANTE,Sprite,2,2,2.00
2025-10,VARIANTE,Tierno,4,4,4.00
2025-10,VARIANTE,Valle Frut,7,7,8.00
2025-11,EXTRA,Bistec (1 pza.),105,105,126.00
2025-11,EXTRA,Doble Guiso,2,2,2.00
2025-11,EXTRA,Frijoles,27,27,51.00
2025-11,EXTRA,Huevo Estrellado Ciego (2 pzas.),7,7,7.00
2025-11,EXTRA,Huevo Estrellado Cocido (2 pzas.),30,30,33.00
2025-11,EXTRA,Huevo Estrellado Medio (2 pzas.),32,32,36.00
2025-11,EXTRA,Huevo Estrellado Tierno (2 pzas.),38,38,39.00
2025-11,EXTRA,Huevo Revuelto (2 pzas.),73,73,80.00
2025-11,EXTRA,Huevo Revuelto (p/relleno),49,49,51.00
2025-11,EXTRA,Queso,57,42,56.00
2025-11,EXTRA,Queso Extra Pieza,18,6,6.00
2025-11,EXTRA,Relleno de Guisados,67,67,70.00
2025-11,PETICION,Doradita,18,18,22.00
2025-11,PETICION,En dos platos,10,10,10.00
2025-11,PETICION,Escurrida,30,30,45.00
2025-11,PETICION,Frijoles Aparte,7,7,7.00
2025-11,PETICION,Poca Lechuga,33,33,33.00
2025-11,PETICION,Poco Frijol,10,10,10.00
2025-11,PETICION,Sin Aguacate,38,38,39.00
2025-11,PETICION,Sin Crema,145,145,150.00
2025-11,PETICION,Sin Frijoles,26,26,26.00
2025-11,PETICION,Sin Lechuga,44,44,45.00
2025-11,PETICION,Sin Queso,14,14,14.00
2025-11,PETICION,Sin Tomate,60,60,61.00
2025-11,PETICION,Sin Verduras,45,45,48.00
2025-11,PETICION,Verdura Aparte,10,10,10.00
2025-11,VARIANTE,Bocol delgado,6,4,7.00
2025-11,VARIANTE,Coca Cola,58,58,259.00
2025-11,VARIANTE,Coca Cola Sin Azúcar,28,28,141.00
2025-11,VARIANTE,Coca Light,23,23,44.00
2025-11,VARIANTE,Cocido,2,2,2.00
2025-11,VARIANTE,Crema,17,17,18.00
2025-11,VARIANTE,Delaware,9,9,13.00
2025-11,VARIANTE,Diluido con Agua,3,3,6.00
2025-11,VARIANTE,Escuis Fresa,8,8,8.00
2025-11,VARIANTE,Escuis Hierro,4,4,4.00
2025-11,VARIANTE,Escuis Manzana,15,15,20.00
2025-11,VARIANTE,Escuis Piña,9,9,10.00
2025-11,VARIANTE,Fanta,5,5,5.00
2025-11,VARIANTE,Fresca,1,1,1.00
2025-11,VARIANTE,Leche Aparte,12,12,41.00
2025-11,VARIANTE,Lechera,14,14,15.00
2025-11,VARIANTE,Lechero,22,22,49.00
2025-11,VARIANTE,Mantequilla,31,31,154.00
2025-11,VARIANTE,Medio,3,3,3.00
2025-11,VARIANTE,Mermelada de Fresa,1,1,1.00
2025-11,VARIANTE,Migada Delgada,9,9,9.00
2025-11,VARIANTE,Natural,7,7,7.00
2025-11,VARIANTE,Naturales,11,11,11.00
2025-11,VARIANTE,Normal,60,60,1249.00
2025-11,VARIANTE,Pan Grande Pieza,28,28,133.00
2025-11,VARIANTE,Poca leche,18,18,37.00
2025-11,VARIANTE,Sprite,3,3,3.00
2025-11,VARIANTE,Tierno,8,8,8.00
2025-11,VARIANTE,Valle Frut,10,10,12.00
2025-12,EXTRA,Bistec (1 pza.),135,135,165.00
2025-12,EXTRA,Doble Guiso,13,13,19.00
2025-12,EXTRA,Frijoles,34,34,57.00
2025-12,EXTRA,Huevo Estrellado Ciego (2 pzas.),5,5,5.00
2025-12,EXTRA,Huevo Estrellado Cocido (2 pzas.),43,43,45.00
2025-12,EXTRA,Huevo Estrellado Medio (2 pzas.),60,60,66.00
2025-12,EXTRA,Huevo Estrellado Tierno (2 pzas.),39,39,43.00
2025-12,EXTRA,Huevo Revuelto (2 pzas.),90,90,101.00
2025-12,EXTRA,Huevo Revuelto (p/relleno),35,35,37.00
2025-12,EXTRA,Queso,69,49,61.00
2025-12,EXTRA,Queso Extra Pieza,26,11,11.00
2025-12,EXTRA,Relleno de Guisados,77,77,80.00
2025-12,PETICION,Doradita,16,16,25.00
2025-12,PETICION,En dos platos,15,15,16.00
2025-12,PETICION,Escurrida,35,35,65.00
2025-12,PETICION,Frijoles Aparte,4,4,4.00
2025-12,PETICION,Poca Lechuga,44,44,45.00
2025-12,PETICION,Poco Frijol,7,7,7.00
2025-12,PETICION,Poco Guiso,1,1,1.00
2025-12,PETICION,Sin Aguacate,34,34,35.00
2025-12,PETICION,Sin Crema,152,152,160.00
2025-12,PETICION,Sin Frijoles,13,13,13.00
2025-12,PETICION,Sin Lechuga,68,68,68.00
2025-12,PETICION,Sin Queso,14,14,14.00
2025-12,PETICION,Sin Tomate,69,69,71.00
2025-12,PETICION,Sin Verduras,48,48,50.00
2025-12,PETICION,Verdura Aparte,5,5,5.00
2025-12,VARIANTE,Bocol delgado,3,3,5.00
2025-12,VARIANTE,Ciego,1,1,1.00
2025-12,VARIANTE,Coca Cola,59,59,311.00
2025-12,VARIANTE,Coca Cola Sin Azúcar,30,30,133.00
2025-12,VARIANTE,Coca Light,23,23,60.00
2025-12,VARIANTE,Cocido,4,4,4.00
2025-12,VARIANTE,Crema,16,16,20.00
2025-12,VARIANTE,Delaware,5,5,5.00
2025-12,VARIANTE,Diluido con Agua,2,2,2.00
2025-12,VARIANTE,Escuis Fresa,6,6,9.00
2025-12,VARIANTE,Escuis Hierro,8,8,9.00
2025-12,VARIANTE,Escuis Manzana,12,12,14.00
2025-12,VARIANTE,Escuis Piña,9,9,12.00
2025-12,VARIANTE,Fanta,3,3,3.00
2025-12,VARIANTE,Fresca,3,3,3.00
2025-12,VARIANTE,Leche Aparte,24,24,58.00
2025-12,VARIANTE,Lechera,16,16,21.00
2025-12,VARIANTE,Lechero,20,20,33.00
2025-12,VARIANTE,Mantequilla,29,29,134.00
2025-12,VARIANTE,Medio,7,7,8.00
2025-12,VARIANTE,Mermelada de Fresa,1,1,1.00
2025-12,VARIANTE,Migada Delgada,5,5,5.00
2025-12,VARIANTE,Natural,4,4,4.00
2025-12,VARIANTE,Naturales,7,7,7.00
2025-12,VARIANTE,Normal,60,60,1471.00
2025-12,VARIANTE,Pan Grande Pieza,30,30,140.00
2025-12,VARIANTE,Poca leche,25,25,50.00
2025-12,VARIANTE,Sprite,11,11,14.00
2025-12,VARIANTE,Tierno,3,3,4.00
2025-12,VARIANTE,Valle Frut,11,11,12.00
2026-01,EXTRA,Bistec (1 pza.),115,115,146.00
2026-01,EXTRA,Doble Guiso,7,7,7.00
2026-01,EXTRA,Frijoles,37,36,45.00
2026-01,EXTRA,Huevo Estrellado Ciego (2 pzas.),9,9,10.00
2026-01,EXTRA,Huevo Estrellado Cocido (2 pzas.),41,41,44.00
2026-01,EXTRA,Huevo Estrellado Medio (2 pzas.),40,40,40.00
2026-01,EXTRA,Huevo Estrellado Tierno (2 pzas.),34,34,40.00
2026-01,EXTRA,Huevo Revuelto (2 pzas.),72,72,88.00
2026-01,EXTRA,Huevo Revuelto (p/relleno),37,37,38.00
2026-01,EXTRA,Queso,55,41,44.00
2026-01,EXTRA,Queso Extra Pieza,12,5,5.00
2026-01,EXTRA,Relleno de Guisados,63,63,64.00
2026-01,PETICION,Doradita,20,20,28.00
2026-01,PETICION,En dos platos,8,8,8.00
2026-01,PETICION,Escurrida,42,42,97.00
2026-01,PETICION,Frijoles Aparte,7,7,7.00
2026-01,PETICION,Poca Lechuga,35,35,36.00
2026-01,PETICION,Poco Frijol,3,3,3.00
2026-01,PETICION,Sin Aguacate,43,43,43.00
2026-01,PETICION,Sin Crema,140,140,145.00
2026-01,PETICION,Sin Frijoles,12,12,12.00
2026-01,PETICION,Sin Lechuga,59,59,61.00
2026-01,PETICION,Sin Queso,14,14,14.00
2026-01,PETICION,Sin Tomate,77,77,78.00
2026-01,PETICION,Sin Verduras,43,43,45.00
2026-01,PETICION,Verdura Aparte,9,9,9.00
2026-01,VARIANTE,Ciego,1,1,1.00
2026-01,VARIANTE,Coca Cola,57,57,237.00
2026-01,VARIANTE,Coca Cola Sin Azúcar,30,30,102.00
2026-01,VARIANTE,Coca Light,24,24,47.00
2026-01,VARIANTE,Cocido,3,3,4.00
2026-01,VARIANTE,Crema,12,12,14.00
2026-01,VARIANTE,Delaware,10,10,11.00
2026-01,VARIANTE,Diluido con Agua,4,4,8.00
2026-01,VARIANTE,Escuis Fresa,9,9,9.00
2026-01,VARIANTE,Escuis Hierro,5,5,5.00
2026-01,VARIANTE,Escuis Manzana,7,7,7.00
2026-01,VARIANTE,Escuis Piña,8,8,8.00
2026-01,VARIANTE,Fanta,3,3,3.00
2026-01,VARIANTE,Fresca,3,3,4.00
2026-01,VARIANTE,Leche Aparte,19,19,40.00
2026-01,VARIANTE,Lechera,12,12,16.00
2026-01,VARIANTE,Lechero,16,16,39.00
2026-01,VARIANTE,Mantequilla,29,29,119.00
2026-01,VARIANTE,Medio,6,6,6.00
2026-01,VARIANTE,Mermelada de Fresa,1,1,1.00
2026-01,VARIANTE,Migada Delgada,5,5,5.00
2026-01,VARIANTE,Natural,2,2,2.00
2026-01,VARIANTE,Naturales,5,5,5.00
2026-01,VARIANTE,Normal,60,60,1341.00
2026-01,VARIANTE,Pan Grande Pieza,30,30,128.00
2026-01,VARIANTE,Poca leche,14,14,21.00
2026-01,VARIANTE,Sprite,3,3,3.00
2026-01,VARIANTE,Tierno,3,3,3.00
2026-01,VARIANTE,Valle Frut,3,3,5.00
2026-02,EXTRA,Bistec (1 pza.),113,113,130.00
2026-02,EXTRA,Chorizo,1,1,1.00
2026-02,EXTRA,Doble Guiso,5,5,5.00
2026-02,EXTRA,Frijoles,34,33,45.00
2026-02,EXTRA,Huevo Estrellado Ciego (2 pzas.),4,4,4.00
2026-02,EXTRA,Huevo Estrellado Cocido (2 pzas.),35,35,37.00
2026-02,EXTRA,Huevo Estrellado Medio (2 pzas.),36,36,42.00
2026-02,EXTRA,Huevo Estrellado Tierno (2 pzas.),33,33,33.00
2026-02,EXTRA,Huevo Revuelto (2 pzas.),41,41,46.00
2026-02,EXTRA,Huevo Revuelto (p/relleno),36,36,41.00
2026-02,EXTRA,Queso,65,53,63.00
2026-02,EXTRA,Queso Extra Pieza,24,11,11.00
2026-02,EXTRA,Relleno de Guisados,73,73,74.00
2026-02,PETICION,Doradita,62,62,104.00
2026-02,PETICION,En dos platos,17,17,17.00
2026-02,PETICION,Escurrida,57,56,129.00
2026-02,PETICION,Frijoles Aparte,4,4,4.00
2026-02,PETICION,Poca Lechuga,24,24,24.00
2026-02,PETICION,Poco Frijol,2,2,2.00
2026-02,PETICION,Sin Aguacate,42,42,42.00
2026-02,PETICION,Sin Crema,140,140,145.00
2026-02,PETICION,Sin Frijoles,18,18,18.00
2026-02,PETICION,Sin Lechuga,48,48,51.00
2026-02,PETICION,Sin Queso,15,15,15.00
2026-02,PETICION,Sin Tomate,62,62,63.00
2026-02,PETICION,Sin Verduras,22,22,25.00
2026-02,PETICION,Verdura Aparte,7,7,7.00
2026-02,VARIANTE,Bocol delgado,5,5,8.00
2026-02,VARIANTE,Ciego,1,1,1.00
2026-02,VARIANTE,Coca Cola,50,50,205.00
2026-02,VARIANTE,Coca Cola Sin Azúcar,38,38,134.00
2026-02,VARIANTE,Coca Light,25,25,55.00
2026-02,VARIANTE,Cocido,5,5,5.00
2026-02,VARIANTE,Crema,11,11,15.00
2026-02,VARIANTE,Delaware,9,9,11.00
2026-02,VARIANTE,Diluido con Agua,1,1,1.00
2026-02,VARIANTE,Escuis Fresa,6,6,8.00
2026-02,VARIANTE,Escuis Hierro,5,5,6.00
2026-02,VARIANTE,Escuis Manzana,9,9,12.00
2026-02,VARIANTE,Escuis Piña,6,6,11.00
2026-02,VARIANTE,Fanta,1,1,1.00
2026-02,VARIANTE,Fresca,2,2,2.00
2026-02,VARIANTE,Leche Aparte,18,18,35.00
2026-02,VARIANTE,Lechera,5,5,9.00
2026-02,VARIANTE,Lechero,13,13,29.00
2026-02,VARIANTE,Mantequilla,28,28,115.00
2026-02,VARIANTE,Medio,6,6,6.00
2026-02,VARIANTE,Migada Delgada,7,6,7.00
2026-02,VARIANTE,Natural,7,7,7.00
2026-02,VARIANTE,Naturales,5,5,6.00
2026-02,VARIANTE,Normal,56,56,1132.00
2026-02,VARIANTE,Pan Grande Pieza,27,27,122.00
2026-02,VARIANTE,Poca leche,16,16,28.00
2026-02,VARIANTE,Sprite,2,2,2.00
2026-02,VARIANTE,Valle Frut,8,8,10.00
2026-03,EXTRA,Bistec (1 pza.),145,145,171.00
2026-03,EXTRA,Chorizo,7,7,7.00
2026-03,EXTRA,Chorizo Extra Pieza,2,2,2.00
2026-03,EXTRA,Doble Guiso,14,14,23.00
2026-03,EXTRA,Frijoles,49,45,81.00
2026-03,EXTRA,Huevo Estrellado Ciego (2 pzas.),5,5,5.00
2026-03,EXTRA,Huevo Estrellado Cocido (2 pzas.),41,41,43.00
2026-03,EXTRA,Huevo Estrellado Medio (2 pzas.),49,49,52.00
2026-03,EXTRA,Huevo Estrellado Tierno (2 pzas.),43,43,43.00
2026-03,EXTRA,Huevo Revuelto (2 pzas.),57,57,64.00
2026-03,EXTRA,Huevo Revuelto (p/relleno),36,36,38.00
2026-03,EXTRA,Queso,81,57,65.00
2026-03,EXTRA,Queso Extra Pieza,43,18,18.00
2026-03,EXTRA,Relleno de Guisados,81,81,82.00
2026-03,PETICION,Doradita,39,37,57.00
2026-03,PETICION,En dos platos,16,16,16.00
2026-03,PETICION,Escurrida,38,37,84.00
2026-03,PETICION,Frijoles Aparte,4,4,4.00
2026-03,PETICION,Poca Lechuga,42,42,45.00
2026-03,PETICION,Poco Frijol,3,3,3.00
2026-03,PETICION,Poco Guiso,1,1,1.00
2026-03,PETICION,Sin Aguacate,54,54,54.00
2026-03,PETICION,Sin Crema,183,183,190.00
2026-03,PETICION,Sin Frijoles,27,27,29.00
2026-03,PETICION,Sin Lechuga,75,75,76.00
2026-03,PETICION,Sin Queso,14,14,14.00
2026-03,PETICION,Sin Tomate,95,95,95.00
2026-03,PETICION,Sin Verduras,35,35,38.00
2026-03,PETICION,Verdura Aparte,8,8,9.00
2026-03,VARIANTE,Bocol delgado,3,3,3.00
2026-03,VARIANTE,Ciego,1,1,1.00
2026-03,VARIANTE,Coca Cola,57,57,240.00
2026-03,VARIANTE,Coca Cola Sin Azúcar,37,37,153.00
2026-03,VARIANTE,Coca Light,20,20,49.00
2026-03,VARIANTE,Cocido,4,4,4.00
2026-03,VARIANTE,Crema,16,16,19.00
2026-03,VARIANTE,Delaware,7,7,8.00
2026-03,VARIANTE,Escuis Fresa,7,7,8.00
2026-03,VARIANTE,Escuis Hierro,5,5,6.00
2026-03,VARIANTE,Escuis Manzana,12,12,14.00
2026-03,VARIANTE,Escuis Piña,7,7,8.00
2026-03,VARIANTE,Fanta,4,4,4.00
2026-03,VARIANTE,Fresca,1,1,1.00
2026-03,VARIANTE,Leche Aparte,30,30,56.00
2026-03,VARIANTE,Lechera,16,16,20.00
2026-03,VARIANTE,Lechero,22,22,35.00
2026-03,VARIANTE,Mantequilla,31,31,133.00
2026-03,VARIANTE,Medio,8,8,8.00
2026-03,VARIANTE,Mermelada de Fresa,2,2,3.00
2026-03,VARIANTE,Migada Delgada,5,4,5.00
2026-03,VARIANTE,Natural,6,6,7.00
2026-03,VARIANTE,Naturales,9,9,9.00
2026-03,VARIANTE,Normal,62,62,1380.00
2026-03,VARIANTE,Pan Grande Pieza,29,29,128.00
2026-03,VARIANTE,Poca leche,17,17,27.00
2026-03,VARIANTE,Sprite,5,5,5.00
2026-03,VARIANTE,Tierno,3,3,4.00
2026-03,VARIANTE,Valle Frut,7,7,8.00
2026-04,EXTRA,Bistec (1 pza.),145,145,165.00
2026-04,EXTRA,Chorizo,2,2,2.00
2026-04,EXTRA,Chorizo Extra Pieza,6,5,6.00
2026-04,EXTRA,Doble Guiso,9,9,11.00
2026-04,EXTRA,Frijoles,32,32,44.00
2026-04,EXTRA,Huevo Estrellado Ciego (2 pzas.),8,8,8.00
2026-04,EXTRA,Huevo Estrellado Cocido (2 pzas.),38,38,38.00
2026-04,EXTRA,Huevo Estrellado Medio (2 pzas.),58,58,63.00
2026-04,EXTRA,Huevo Estrellado Tierno (2 pzas.),27,27,27.00
2026-04,EXTRA,Huevo Revuelto (2 pzas.),77,77,81.00
2026-04,EXTRA,Huevo Revuelto (p/relleno),45,45,51.00
2026-04,EXTRA,Queso,85,62,69.00
2026-04,EXTRA,Queso Extra Pieza,21,11,11.00
2026-04,EXTRA,Relleno de Guisados,70,69,72.00
2026-04,PETICION,Doradita,26,26,48.00
2026-04,PETICION,En dos platos,18,18,18.00
2026-04,PETICION,Escurrida,30,29,64.00
2026-04,PETICION,Frijoles Aparte,1,1,1.00
2026-04,PETICION,Poca Lechuga,34,34,34.00
2026-04,PETICION,Poco Frijol,4,4,4.00
2026-04,PETICION,Poco Guiso,1,1,1.00
2026-04,PETICION,Sin Aguacate,39,39,40.00
2026-04,PETICION,Sin Crema,202,190,200.00
2026-04,PETICION,Sin Frijoles,23,23,25.00
2026-04,PETICION,Sin Lechuga,70,70,70.00
2026-04,PETICION,Sin Queso,14,14,14.00
2026-04,PETICION,Sin Tomate,63,63,63.00
2026-04,PETICION,Sin Verduras,23,23,24.00
2026-04,PETICION,Verdura Aparte,4,4,4.00
2026-04,VARIANTE,Ciego,1,1,2.00
2026-04,VARIANTE,Coca Cola,58,58,304.00
2026-04,VARIANTE,Coca Cola Sin Azúcar,41,41,161.00
2026-04,VARIANTE,Coca Light,23,23,57.00
2026-04,VARIANTE,Cocido,1,1,1.00
2026-04,VARIANTE,Crema,21,21,26.00
2026-04,VARIANTE,Delaware,13,13,15.00
2026-04,VARIANTE,Diluido con Agua,1,1,3.00
2026-04,VARIANTE,Escuis Fresa,6,6,8.00
2026-04,VARIANTE,Escuis Hierro,6,6,8.00
2026-04,VARIANTE,Escuis Manzana,11,11,20.00
2026-04,VARIANTE,Escuis Piña,6,6,8.00
2026-04,VARIANTE,Fanta,3,3,4.00
2026-04,VARIANTE,Fresca,3,3,4.00
2026-04,VARIANTE,Leche Aparte,24,24,67.00
2026-04,VARIANTE,Lechera,17,17,22.00
2026-04,VARIANTE,Lechero,19,19,33.00
2026-04,VARIANTE,Mantequilla,32,32,142.00
2026-04,VARIANTE,Medio,2,2,2.00
2026-04,VARIANTE,Mermelada de Fresa,2,2,3.00
2026-04,VARIANTE,Migada Delgada,6,6,6.00
2026-04,VARIANTE,Natural,10,10,11.00
2026-04,VARIANTE,Naturales,4,4,4.00
2026-04,VARIANTE,Normal,60,60,1325.00
2026-04,VARIANTE,Pan Grande Pieza,27,27,125.00
2026-04,VARIANTE,Poca leche,23,23,39.00
2026-04,VARIANTE,Sprite,4,4,5.00
2026-04,VARIANTE,Tierno,4,4,4.00
2026-04,VARIANTE,Valle Frut,12,12,13.00
2026-05,EXTRA,Bistec (1 pza.),127,127,143.00
2026-05,EXTRA,Chorizo Extra Pieza,3,1,1.00
2026-05,EXTRA,Doble Guiso,11,11,18.00
2026-05,EXTRA,Frijoles,43,43,74.00
2026-05,EXTRA,Huevo Estrellado Ciego (2 pzas.),12,12,13.00
2026-05,EXTRA,Huevo Estrellado Cocido (2 pzas.),53,53,58.00
2026-05,EXTRA,Huevo Estrellado Medio (2 pzas.),39,39,42.00
2026-05,EXTRA,Huevo Estrellado Tierno (2 pzas.),35,35,37.00
2026-05,EXTRA,Huevo Revuelto (2 pzas.),72,72,81.00
2026-05,EXTRA,Huevo Revuelto (p/relleno),32,32,33.00
2026-05,EXTRA,Pieza Tortilla de Harina,5,2,2.00
2026-05,EXTRA,Pieza Tortilla de Maíz,82,23,28.00
2026-05,EXTRA,Queso,92,61,67.00
2026-05,EXTRA,Queso Extra Pieza,30,16,16.00
2026-05,EXTRA,Relleno de Guisados,85,84,85.00
2026-05,PETICION,Doradita,30,30,45.00
2026-05,PETICION,En dos platos,19,19,20.00
2026-05,PETICION,Escurrida,49,45,99.00
2026-05,PETICION,Frijoles Aparte,8,8,8.00
2026-05,PETICION,Poca Lechuga,36,36,37.00
2026-05,PETICION,Poco Frijol,2,2,2.00
2026-05,PETICION,Sin Aguacate,54,54,56.00
2026-05,PETICION,Sin Crema,184,184,194.00
2026-05,PETICION,Sin Frijoles,38,38,39.00
2026-05,PETICION,Sin Lechuga,57,57,58.00
2026-05,PETICION,Sin Queso,20,20,20.00
2026-05,PETICION,Sin Tomate,60,60,60.00
2026-05,PETICION,Sin Verduras,39,39,39.00
2026-05,PETICION,Verdura Aparte,13,13,13.00
2026-05,VARIANTE,Bocol delgado,1,1,1.00
2026-05,VARIANTE,Ciego,1,1,1.00
2026-05,VARIANTE,Coca Cola,60,60,310.00
2026-05,VARIANTE,Coca Cola Sin Azúcar,49,49,168.00
2026-05,VARIANTE,Coca Light,19,19,44.00
2026-05,VARIANTE,Cocido,2,2,2.00
2026-05,VARIANTE,Crema,16,16,18.00
2026-05,VARIANTE,Delaware,12,12,18.00
2026-05,VARIANTE,Diluido con Agua,2,2,2.00
2026-05,VARIANTE,Escuis Fresa,10,10,13.00
2026-05,VARIANTE,Escuis Hierro,10,10,13.00
2026-05,VARIANTE,Escuis Manzana,8,8,14.00
2026-05,VARIANTE,Escuis Piña,10,10,11.00
2026-05,VARIANTE,Fanta,4,4,4.00
2026-05,VARIANTE,Fresca,2,2,2.00
2026-05,VARIANTE,Leche Aparte,19,19,37.00
2026-05,VARIANTE,Lechera,15,15,19.00
2026-05,VARIANTE,Lechero,21,21,47.00
2026-05,VARIANTE,Mantequilla,36,34,141.00
2026-05,VARIANTE,Medio,2,2,2.00
2026-05,VARIANTE,Mermelada de Fresa,3,3,4.00
2026-05,VARIANTE,Migada Delgada,5,4,5.00
2026-05,VARIANTE,Natural,8,8,8.00
2026-05,VARIANTE,Naturales,4,4,4.00
2026-05,VARIANTE,Normal,62,62,1364.00
2026-05,VARIANTE,Pan Grande Pieza,28,28,142.00
2026-05,VARIANTE,Poca leche,18,18,34.00
2026-05,VARIANTE,Sprite,5,5,6.00
2026-05,VARIANTE,Tierno,3,3,3.00
2026-05,VARIANTE,Valle Frut,12,12,17.00
2026-06,EXTRA,Bistec (1 pza.),141,141,167.00
2026-06,EXTRA,Chorizo,1,1,1.00
2026-06,EXTRA,Doble Guiso,9,9,14.00
2026-06,EXTRA,Frijoles,56,54,73.00
2026-06,EXTRA,Huevo Estrellado Ciego (2 pzas.),5,5,5.00
2026-06,EXTRA,Huevo Estrellado Cocido (2 pzas.),36,36,37.00
2026-06,EXTRA,Huevo Estrellado Medio (2 pzas.),46,46,51.00
2026-06,EXTRA,Huevo Estrellado Tierno (2 pzas.),33,33,34.00
2026-06,EXTRA,Huevo Revuelto (2 pzas.),73,73,79.00
2026-06,EXTRA,Huevo Revuelto (p/relleno),40,40,43.00
2026-06,EXTRA,Pieza Tortilla de Harina,1,1,1.00
2026-06,EXTRA,Pieza Tortilla de Maíz,87,22,23.00
2026-06,EXTRA,Queso,78,56,57.00
2026-06,EXTRA,Queso Extra Pieza,12,5,5.00
2026-06,EXTRA,Relleno de Guisados,85,85,88.00
2026-06,PETICION,Doradita,30,30,41.00
2026-06,PETICION,En dos platos,17,17,17.00
2026-06,PETICION,Escurrida,54,54,117.00
2026-06,PETICION,Frijoles Aparte,9,9,9.00
2026-06,PETICION,Poca Lechuga,38,38,39.00
2026-06,PETICION,Poco Frijol,11,11,11.00
2026-06,PETICION,Sin Aguacate,45,45,45.00
2026-06,PETICION,Sin Crema,197,197,208.00
2026-06,PETICION,Sin Frijoles,27,27,29.00
2026-06,PETICION,Sin Lechuga,57,57,57.00
2026-06,PETICION,Sin Queso,23,22,24.00
2026-06,PETICION,Sin Tomate,77,77,77.00
2026-06,PETICION,Sin Verduras,39,39,42.00
2026-06,PETICION,Verdura Aparte,9,9,9.00
2026-06,VARIANTE,Bocol delgado,3,3,3.00
2026-06,VARIANTE,Coca Cola,56,56,265.00
2026-06,VARIANTE,Coca Cola Sin Azúcar,48,48,179.00
2026-06,VARIANTE,Coca Light,25,25,50.00
2026-06,VARIANTE,Cocido,2,2,2.00
2026-06,VARIANTE,Crema,26,26,35.00
2026-06,VARIANTE,Delaware,9,9,15.00
2026-06,VARIANTE,Diluido con Agua,2,2,5.00
2026-06,VARIANTE,Escuis Fresa,7,7,11.00
2026-06,VARIANTE,Escuis Hierro,7,7,8.00
2026-06,VARIANTE,Escuis Manzana,9,9,12.00
2026-06,VARIANTE,Escuis Piña,8,8,9.00
2026-06,VARIANTE,Fanta,1,1,1.00
2026-06,VARIANTE,Fresca,8,8,8.00
2026-06,VARIANTE,Leche Aparte,15,15,32.00
2026-06,VARIANTE,Lechera,25,25,31.00
2026-06,VARIANTE,Lechero,21,21,40.00
2026-06,VARIANTE,Mantequilla,31,31,154.00
2026-06,VARIANTE,Medio,3,3,3.00
2026-06,VARIANTE,Mermelada de Fresa,3,3,4.00
2026-06,VARIANTE,Migada Delgada,8,7,8.00
2026-06,VARIANTE,Natural,4,4,4.00
2026-06,VARIANTE,Naturales,5,5,5.00
2026-06,VARIANTE,Normal,60,60,1313.00
2026-06,VARIANTE,Pan Grande Pieza,4,4,15.00
2026-06,VARIANTE,Poca leche,22,22,30.00
2026-06,VARIANTE,Sprite,5,5,5.00
2026-06,VARIANTE,Tierno,2,2,2.00
2026-06,VARIANTE,Valle Frut,10,10,12.00
2026-07,EXTRA,Bistec (1 pza.),145,145,171.00
2026-07,EXTRA,Chorizo,2,2,2.00
2026-07,EXTRA,Chorizo Extra Pieza,2,2,2.00
2026-07,EXTRA,Doble Guiso,18,18,20.00
2026-07,EXTRA,Frijoles,37,37,56.00
2026-07,EXTRA,Huevo Estrellado Ciego (2 pzas.),9,9,9.00
2026-07,EXTRA,Huevo Estrellado Cocido (2 pzas.),49,49,51.00
2026-07,EXTRA,Huevo Estrellado Medio (2 pzas.),52,52,58.00
2026-07,EXTRA,Huevo Estrellado Tierno (2 pzas.),46,46,49.00
2026-07,EXTRA,Huevo Revuelto (2 pzas.),64,64,73.00
2026-07,EXTRA,Huevo Revuelto (p/relleno),52,52,55.00
2026-07,EXTRA,Pieza Tortilla de Harina,5,2,2.00
2026-07,EXTRA,Pieza Tortilla de Maíz,98,29,30.00
2026-07,EXTRA,Queso,84,67,79.00
2026-07,EXTRA,Queso Extra Pieza,9,5,5.00
2026-07,EXTRA,Relleno de Guisados,76,76,79.00
2026-07,PETICION,Doradita,84,82,137.00
2026-07,PETICION,En dos platos,22,22,22.00
2026-07,PETICION,Escurrida,41,41,60.00
2026-07,PETICION,Frijoles Aparte,14,14,15.00
2026-07,PETICION,Poca Lechuga,27,27,27.00
2026-07,PETICION,Poco Frijol,7,7,7.00
2026-07,PETICION,Poco Guiso,1,1,1.00
2026-07,PETICION,Sin Aguacate,63,63,65.00
2026-07,PETICION,Sin Crema,198,198,215.00
2026-07,PETICION,Sin Frijoles,29,29,29.00
2026-07,PETICION,Sin Lechuga,81,81,87.00
2026-07,PETICION,Sin Queso,17,17,17.00
2026-07,PETICION,Sin Tomate,92,92,97.00
2026-07,PETICION,Sin Verduras,58,58,63.00
2026-07,PETICION,Verdura Aparte,20,20,20.00
2026-07,VARIANTE,Bocol delgado,10,10,13.00
2026-07,VARIANTE,Coca Cola,59,59,266.00
2026-07,VARIANTE,Coca Cola Sin Azúcar,53,53,201.00
2026-07,VARIANTE,Coca Light,22,22,52.00
2026-07,VARIANTE,Cocido,1,1,1.00
2026-07,VARIANTE,Crema,21,21,28.00
2026-07,VARIANTE,Delaware,6,6,9.00
2026-07,VARIANTE,Diluido con Agua,3,3,3.00
2026-07,VARIANTE,Escuis Fresa,8,8,10.00
2026-07,VARIANTE,Escuis Hierro,9,9,11.00
2026-07,VARIANTE,Escuis Manzana,8,8,9.00
2026-07,VARIANTE,Escuis Piña,4,4,6.00
2026-07,VARIANTE,Fanta,6,6,7.00
2026-07,VARIANTE,Fresca,4,4,6.00
2026-07,VARIANTE,Leche Aparte,12,12,24.00
2026-07,VARIANTE,Lechera,17,17,23.00
2026-07,VARIANTE,Lechero,19,19,30.00
2026-07,VARIANTE,Mantequilla,32,32,149.00
2026-07,VARIANTE,Medio,3,3,3.00
2026-07,VARIANTE,Mermelada de Fresa,2,2,3.00
2026-07,VARIANTE,Migada Delgada,10,9,10.00
2026-07,VARIANTE,Natural,2,2,2.00
2026-07,VARIANTE,Naturales,12,12,12.00
2026-07,VARIANTE,Normal,62,62,1335.00
2026-07,VARIANTE,Poca leche,26,26,55.00
2026-07,VARIANTE,Sprite,7,7,10.00
2026-07,VARIANTE,Tierno,3,3,4.00
2026-07,VARIANTE,Valle Frut,13,13,18.00
2026-08,EXTRA,Bistec (1 pza.),150,150,190.00
2026-08,EXTRA,Chorizo Extra Pieza,1,1,1.00
2026-08,EXTRA,Doble Guiso,9,9,13.00
2026-08,EXTRA,Frijoles,63,63,79.00
2026-08,EXTRA,Huevo Estrellado Ciego (2 pzas.),8,8,8.00
2026-08,EXTRA,Huevo Estrellado Cocido (2 pzas.),52,52,58.00
2026-08,EXTRA,Huevo Estrellado Medio (2 pzas.),57,57,62.00
2026-08,EXTRA,Huevo Estrellado Tierno (2 pzas.),61,61,67.00
2026-08,EXTRA,Huevo Revuelto (2 pzas.),87,87,94.00
2026-08,EXTRA,Huevo Revuelto (p/relleno),45,45,49.00
2026-08,EXTRA,Pieza Tortilla de Harina,7,4,4.00
2026-08,EXTRA,Pieza Tortilla de Maíz,96,30,32.00
2026-08,EXTRA,Queso,92,78,81.00
2026-08,EXTRA,Queso Extra Pieza,38,14,14.00
2026-08,EXTRA,Relleno de Guisados,83,83,85.00
2026-08,PETICION,Doradita,102,96,148.00
2026-08,PETICION,En dos platos,18,18,18.00
2026-08,PETICION,Escurrida,87,83,148.00
2026-08,PETICION,Frijoles Aparte,16,16,18.00
2026-08,PETICION,Poca Lechuga,21,21,23.00
2026-08,PETICION,Poco Frijol,7,7,8.00
2026-08,PETICION,Sin Aguacate,60,60,60.00
2026-08,PETICION,Sin Crema,214,214,222.00
2026-08,PETICION,Sin Frijoles,36,36,37.00
2026-08,PETICION,Sin Lechuga,107,107,112.00
2026-08,PETICION,Sin Queso,16,16,16.00
2026-08,PETICION,Sin Tomate,105,105,110.00
2026-08,PETICION,Sin Verduras,28,28,31.00
2026-08,PETICION,Verdura Aparte,22,22,26.00
2026-08,VARIANTE,Bocol delgado,12,12,18.00
2026-08,VARIANTE,Ciego,1,1,1.00
2026-08,VARIANTE,Coca Cola,57,57,290.00
2026-08,VARIANTE,Coca Cola Sin Azúcar,53,53,206.00
2026-08,VARIANTE,Coca Light,25,25,63.00
2026-08,VARIANTE,Cocido,4,4,4.00
2026-08,VARIANTE,Crema,18,18,21.00
2026-08,VARIANTE,Delaware,13,13,17.00
2026-08,VARIANTE,Diluido con Agua,5,5,5.00
2026-08,VARIANTE,Escuis Fresa,11,11,11.00
2026-08,VARIANTE,Escuis Hierro,10,10,10.00
2026-08,VARIANTE,Escuis Manzana,13,13,18.00
2026-08,VARIANTE,Escuis Piña,9,9,10.00
2026-08,VARIANTE,Fanta,4,4,4.00
2026-08,VARIANTE,Fresca,7,7,9.00
2026-08,VARIANTE,Leche Aparte,8,8,17.00
2026-08,VARIANTE,Lechera,13,13,14.00
2026-08,VARIANTE,Lechero,11,11,19.00
2026-08,VARIANTE,Mantequilla,31,30,110.00
2026-08,VARIANTE,Medio,6,6,7.00
2026-08,VARIANTE,Migada Delgada,12,12,14.00
2026-08,VARIANTE,Natural,6,6,8.00
2026-08,VARIANTE,Naturales,14,14,14.00
2026-08,VARIANTE,Normal,62,62,1338.00
2026-08,VARIANTE,Poca leche,20,20,24.00
2026-08,VARIANTE,Sprite,9,9,10.00
2026-08,VARIANTE,Tierno,4,4,4.00
2026-08,VARIANTE,Valle Frut,20,20,31.00
2026-09,EXTRA,Bistec (1 pza.),16,16,18.00
2026-09,EXTRA,Chorizo Extra Pieza,1,1,1.00
2026-09,EXTRA,Doble Guiso,1,1,2.00
2026-09,EXTRA,Frijoles,17,17,17.00
2026-09,EXTRA,Huevo Estrellado Ciego (2 pzas.),1,1,1.00
2026-09,EXTRA,Huevo Estrellado Cocido (2 pzas.),4,4,4.00
2026-09,EXTRA,Huevo Estrellado Medio (2 pzas.),4,4,5.00
2026-09,EXTRA,Huevo Estrellado Tierno (2 pzas.),6,6,6.00
2026-09,EXTRA,Huevo Revuelto (2 pzas.),14,14,16.00
2026-09,EXTRA,Huevo Revuelto (p/relleno),14,14,15.00
2026-09,EXTRA,Pieza Tortilla de Harina,8,2,2.00
2026-09,EXTRA,Pieza Tortilla de Maíz,3,1,1.00
2026-09,EXTRA,Queso,9,8,8.00
2026-09,EXTRA,Queso Extra Pieza,5,2,2.00
2026-09,EXTRA,Relleno de Guisados,14,14,14.00
2026-09,PETICION,Doradita,2,2,2.00
2026-09,PETICION,En dos platos,4,4,4.00
2026-09,PETICION,Escurrida,10,10,17.00
2026-09,PETICION,Frijoles Aparte,2,2,2.00
2026-09,PETICION,Poca Lechuga,11,11,11.00
2026-09,PETICION,Poco Frijol,1,1,1.00
2026-09,PETICION,Sin Aguacate,4,4,4.00
2026-09,PETICION,Sin Crema,38,38,41.00
2026-09,PETICION,Sin Frijoles,3,3,4.00
2026-09,PETICION,Sin Lechuga,15,15,15.00
2026-09,PETICION,Sin Queso,4,4,4.00
2026-09,PETICION,Sin Tomate,21,21,21.00
2026-09,PETICION,Sin Verduras,1,1,1.00
2026-09,PETICION,Verdura Aparte,7,7,7.00
2026-09,VARIANTE,Bocol delgado,4,4,4.00
2026-09,VARIANTE,Coca Cola,8,8,37.00
2026-09,VARIANTE,Coca Cola Sin Azúcar,9,9,40.00
2026-09,VARIANTE,Coca Light,4,4,10.00
2026-09,VARIANTE,Cocido,1,1,1.00
2026-09,VARIANTE,Diluido con Agua,2,2,2.00
2026-09,VARIANTE,Escuis Fresa,2,2,3.00
2026-09,VARIANTE,Escuis Hierro,1,1,1.00
2026-09,VARIANTE,Escuis Manzana,2,2,2.00
2026-09,VARIANTE,Fresca,1,1,1.00
2026-09,VARIANTE,Leche Aparte,3,3,4.00
2026-09,VARIANTE,Lechero,1,1,1.00
2026-09,VARIANTE,Mantequilla,2,2,3.00
2026-09,VARIANTE,Migada Delgada,1,1,1.00
2026-09,VARIANTE,Natural,1,1,1.00
2026-09,VARIANTE,Normal,10,10,223.00
2026-09,VARIANTE,Poca leche,4,4,7.00
2026-09,VARIANTE,Sprite,1,1,1.00
2026-09,VARIANTE,Valle Frut,3,3,5.00
